player_id,game_id,timestamp
player_001,game_1,2023-10-11 22:56:40
player_001,game_2,2023-10-26 08:50:28
player_001,game_3,2023-10-19 11:10:21
player_001,game_4,2023-10-22 20:53:14
player_001,game_5,2023-10-22 11:48:26
player_001,game_6,2023-10-15 10:26:29
player_001,game_7,2023-10-29 13:40:53
player_001,game_8,2023-10-21 19:37:22
player_001,game_9,2023-10-15 19:47:37
player_001,game_10,2023-10-28 14:30:04
player_001,game_11,2023-10-03 22:10:24
player_001,game_12,2023-10-30 14:16:17
player_001,game_13,2023-10-05 19:36:55
player_001,game_14,2023-10-11 02:05:25
player_001,game_15,2023-10-11 05:51:43
player_001,game_16,2023-10-13 20:20:06
player_001,game_17,2023-10-04 22:35:24
player_001,game_18,2023-10-08 14:59:05
player_001,game_19,2023-10-12 15:27:47
player_002,game_20,2023-10-09 10:30:26
player_002,game_21,2023-10-27 19:07:03
player_002,game_22,2023-10-04 15:27:24
player_002,game_23,2023-10-08 14:22:25
player_002,game_24,2023-10-01 03:07:02
player_002,game_25,2023-10-20 19:57:26
player_002,game_26,2023-10-22 20:52:29
player_002,game_27,2023-10-29 19:50:24
player_002,game_28,2023-10-23 19:29:15
player_002,game_29,2023-10-15 03:20:30
player_002,game_30,2023-10-02 14:01:41
player_002,game_31,2023-10-12 05:41:21
player_002,game_32,2023-10-14 23:39:59
player_002,game_33,2023-10-14 17:23:26
player_002,game_34,2023-10-23 00:59:05
player_002,game_35,2023-10-04 10:55:49
player_002,game_36,2023-10-12 07:57:30
player_002,game_37,2023-10-13 20:13:42
player_002,game_38,2023-10-29 15:09:16
player_002,game_39,2023-10-10 14:28:33
player_002,game_40,2023-10-21 15:19:22
player_002,game_41,2023-10-06 13:43:26
player_002,game_42,2023-10-27 10:27:40
player_002,game_43,2023-10-11 21:55:19
player_002,game_44,2023-10-08 05:35:06
player_002,game_45,2023-10-13 21:29:03
player_002,game_46,2023-10-07 21:43:02
player_002,game_47,2023-10-04 11:11:54
player_002,game_48,2023-10-03 21:29:00
player_003,game_49,2023-10-09 01:18:50
player_003,game_50,2023-10-15 22:23:37
player_003,game_51,2023-10-29 21:16:35
player_003,game_52,2023-10-28 15:10:27
player_003,game_53,2023-10-15 00:15:20
player_003,game_54,2023-10-22 07:39:03
player_003,game_55,2023-10-07 00:52:57
player_003,game_56,2023-10-23 18:04:21
player_003,game_57,2023-10-15 18:17:30
player_003,game_58,2023-10-20 12:57:23
player_003,game_59,2023-10-14 05:11:23
player_003,game_60,2023-10-25 07:05:32
player_003,game_61,2023-10-27 05:07:26
player_003,game_62,2023-10-24 23:18:47
player_004,game_63,2023-10-22 06:01:33
player_004,game_64,2023-10-04 21:43:17
player_004,game_65,2023-10-30 00:45:47
player_004,game_66,2023-10-02 22:26:28
player_004,game_67,2023-10-21 23:20:59
player_004,game_68,2023-10-16 15:31:54
player_004,game_69,2023-10-30 07:22:38
player_004,game_70,2023-10-13 03:41:59
player_004,game_71,2023-10-02 06:08:05
player_004,game_72,2023-10-05 10:24:12
player_004,game_73,2023-10-12 02:42:58
player_004,game_74,2023-10-28 22:09:19
player_004,game_75,2023-10-29 12:02:52
player_004,game_76,2023-10-02 00:10:12
player_004,game_77,2023-10-14 02:00:11
player_004,game_78,2023-10-28 23:22:35
player_004,game_79,2023-10-02 22:52:23
player_004,game_80,2023-10-09 12:06:43
player_004,game_81,2023-10-23 20:10:23
player_004,game_82,2023-10-26 04:38:12
player_004,game_83,2023-10-22 11:14:04
player_004,game_84,2023-10-14 12:04:33
player_004,game_85,2023-10-09 19:27:00
player_004,game_86,2023-10-29 09:57:30
player_004,game_87,2023-10-22 03:50:34
player_004,game_88,2023-10-24 20:54:07
player_005,game_89,2023-10-05 10:18:18
player_005,game_90,2023-10-23 19:36:06
player_005,game_91,2023-10-17 21:24:14
player_005,game_92,2023-10-20 19:45:36
player_005,game_93,2023-10-17 04:19:56
player_005,game_94,2023-10-16 14:03:35
player_005,game_95,2023-10-06 01:52:03
player_005,game_96,2023-10-08 19:22:28
player_005,game_97,2023-10-17 00:14:56
player_005,game_98,2023-10-20 23:36:04
player_005,game_99,2023-10-25 01:15:47
player_005,game_100,2023-10-14 23:47:53
player_005,game_101,2023-10-20 10:33:38
player_005,game_102,2023-10-27 16:54:32
player_005,game_103,2023-10-02 18:45:18
player_005,game_104,2023-10-23 01:54:38
player_005,game_105,2023-10-05 06:35:49
player_006,game_106,2023-10-16 06:26:20
player_006,game_107,2023-10-13 06:03:57
player_006,game_108,2023-10-16 16:38:28
player_006,game_109,2023-10-06 15:03:30
player_006,game_110,2023-10-20 14:53:53
player_006,game_111,2023-10-25 23:32:53
player_006,game_112,2023-10-01 01:20:27
player_006,game_113,2023-10-27 08:10:02
player_006,game_114,2023-10-23 10:14:29
player_006,game_115,2023-10-21 01:28:05
player_006,game_116,2023-10-03 15:09:08
player_006,game_117,2023-10-10 02:32:58
player_006,game_118,2023-10-26 04:01:32
player_006,game_119,2023-10-18 13:30:12
player_006,game_120,2023-10-25 04:47:11
player_006,game_121,2023-10-22 11:00:54
player_006,game_122,2023-10-03 12:07:55
player_006,game_123,2023-10-10 21:09:45
player_006,game_124,2023-10-13 23:08:35
player_006,game_125,2023-10-27 15:53:14
player_006,game_126,2023-10-07 08:38:29
player_006,game_127,2023-10-14 23:34:41
player_006,game_128,2023-10-22 06:26:32
player_006,game_129,2023-10-24 12:43:48
player_006,game_130,2023-10-06 21:28:17
player_006,game_131,2023-10-02 09:38:07
player_006,game_132,2023-10-30 13:23:12
player_006,game_133,2023-10-12 14:48:06
player_007,game_134,2023-10-08 16:31:26
player_007,game_135,2023-10-16 02:03:00
player_007,game_136,2023-10-27 17:46:26
player_007,game_137,2023-10-01 15:55:54
player_007,game_138,2023-10-27 19:25:10
player_007,game_139,2023-10-20 19:20:36
player_007,game_140,2023-10-05 12:35:47
player_007,game_141,2023-10-11 21:47:42
player_007,game_142,2023-10-06 12:11:30
player_007,game_143,2023-10-23 09:37:32
player_007,game_144,2023-10-06 16:51:28
player_007,game_145,2023-10-08 11:23:21
player_007,game_146,2023-10-25 04:38:58
player_007,game_147,2023-10-15 04:02:36
player_007,game_148,2023-10-25 16:52:43
player_007,game_149,2023-10-14 06:33:47
player_007,game_150,2023-10-21 04:04:52
player_007,game_151,2023-10-24 10:09:09
player_007,game_152,2023-10-23 22:10:33
player_007,game_153,2023-10-12 19:58:01
player_007,game_154,2023-10-23 04:11:41
player_007,game_155,2023-10-27 18:16:13
player_007,game_156,2023-10-08 00:31:12
player_007,game_157,2023-10-19 14:54:36
player_008,game_158,2023-10-10 06:04:37
player_008,game_159,2023-10-30 02:19:31
player_008,game_160,2023-10-25 16:08:36
player_008,game_161,2023-10-07 15:02:37
player_008,game_162,2023-10-04 09:20:04
player_008,game_163,2023-10-14 09:51:05
player_008,game_164,2023-10-21 03:26:34
player_008,game_165,2023-10-17 11:59:00
player_008,game_166,2023-10-25 15:33:26
player_008,game_167,2023-10-13 23:16:43
player_008,game_168,2023-10-01 02:59:19
player_008,game_169,2023-10-14 17:31:52
player_008,game_170,2023-10-15 11:50:33
player_008,game_171,2023-10-29 11:49:55
player_008,game_172,2023-10-29 03:39:34
player_008,game_173,2023-10-24 18:28:20
player_008,game_174,2023-10-08 05:07:34
player_008,game_175,2023-10-22 16:15:55
player_008,game_176,2023-10-27 03:29:30
player_008,game_177,2023-10-24 12:17:55
player_008,game_178,2023-10-17 18:05:54
player_008,game_179,2023-10-17 03:19:14
player_008,game_180,2023-10-27 19:01:49
player_008,game_181,2023-10-27 09:08:30
player_008,game_182,2023-10-19 07:28:53
player_009,game_183,2023-10-23 02:30:53
player_009,game_184,2023-10-16 14:53:52
player_009,game_185,2023-10-10 03:47:45
player_009,game_186,2023-10-12 14:13:43
player_009,game_187,2023-10-28 18:11:33
player_009,game_188,2023-10-19 14:11:36
player_009,game_189,2023-10-12 08:07:11
player_009,game_190,2023-10-20 22:35:15
player_009,game_191,2023-10-03 02:51:10
player_009,game_192,2023-10-16 10:42:08
player_009,game_193,2023-10-23 23:03:26
player_009,game_194,2023-10-19 12:09:59
player_009,game_195,2023-10-19 17:48:51
player_009,game_196,2023-10-08 09:12:55
player_009,game_197,2023-10-25 01:05:58
player_009,game_198,2023-10-02 19:07:51
player_009,game_199,2023-10-07 03:05:15
player_009,game_200,2023-10-25 09:12:41
player_009,game_201,2023-10-29 15:36:36
player_009,game_202,2023-10-17 02:48:06
player_009,game_203,2023-10-05 20:55:59
player_009,game_204,2023-10-22 08:59:38
player_009,game_205,2023-10-05 20:10:21
player_009,game_206,2023-10-26 12:46:38
player_010,game_207,2023-10-23 04:21:35
player_010,game_208,2023-10-01 17:52:52
player_010,game_209,2023-10-07 23:57:11
player_010,game_210,2023-10-20 21:39:34
player_010,game_211,2023-10-08 11:50:37
player_010,game_212,2023-10-04 15:10:52
player_010,game_213,2023-10-23 18:59:46
player_010,game_214,2023-10-13 20:46:26
player_010,game_215,2023-10-17 10:27:08
player_010,game_216,2023-10-20 07:06:05
player_010,game_217,2023-10-04 21:34:26
player_010,game_218,2023-10-16 22:48:23
player_010,game_219,2023-10-26 21:42:54
player_010,game_220,2023-10-19 10:44:34
player_010,game_221,2023-10-16 08:56:13
player_011,game_222,2023-10-24 16:30:00
player_011,game_223,2023-10-27 06:19:45
player_011,game_224,2023-10-02 17:49:31
player_011,game_225,2023-10-30 23:23:32
player_011,game_226,2023-10-04 07:42:57
player_011,game_227,2023-10-12 09:31:37
player_011,game_228,2023-10-14 22:49:14
player_011,game_229,2023-10-12 01:02:26
player_011,game_230,2023-10-05 09:17:58
player_012,game_231,2023-10-22 01:36:48
player_012,game_232,2023-10-05 18:41:40
player_012,game_233,2023-10-05 21:05:57
player_012,game_234,2023-10-22 12:55:22
player_012,game_235,2023-10-09 01:49:44
player_012,game_236,2023-10-15 12:54:11
player_012,game_237,2023-10-02 09:43:33
player_012,game_238,2023-10-03 05:35:00
player_012,game_239,2023-10-16 17:55:25
player_012,game_240,2023-10-03 17:23:01
player_012,game_241,2023-10-15 05:47:53
player_012,game_242,2023-10-18 09:38:24
player_012,game_243,2023-10-19 04:43:17
player_012,game_244,2023-10-21 21:47:11
player_013,game_245,2023-10-08 01:36:03
player_013,game_246,2023-10-12 20:30:38
player_013,game_247,2023-10-26 18:51:13
player_013,game_248,2023-10-21 00:04:30
player_013,game_249,2023-10-28 11:21:14
player_013,game_250,2023-10-09 17:46:53
player_013,game_251,2023-10-09 06:02:43
player_013,game_252,2023-10-09 11:58:14
player_013,game_253,2023-10-04 20:00:17
player_013,game_254,2023-10-30 14:06:33
player_013,game_255,2023-10-19 13:41:47
player_013,game_256,2023-10-12 16:35:13
player_013,game_257,2023-10-25 03:49:27
player_013,game_258,2023-10-29 07:25:38
player_013,game_259,2023-10-07 22:44:39
player_013,game_260,2023-10-12 06:31:08
player_013,game_261,2023-10-23 09:16:42
player_013,game_262,2023-10-13 07:54:18
player_013,game_263,2023-10-23 07:26:18
player_013,game_264,2023-10-13 09:28:37
player_013,game_265,2023-10-01 10:56:55
player_013,game_266,2023-10-23 14:03:33
player_013,game_267,2023-10-14 23:06:54
player_013,game_268,2023-10-27 12:49:58
player_013,game_269,2023-10-08 16:03:17
player_014,game_270,2023-10-04 14:03:19
player_014,game_271,2023-10-22 10:39:08
player_014,game_272,2023-10-17 18:36:47
player_014,game_273,2023-10-29 12:34:14
player_014,game_274,2023-10-15 12:32:23
player_014,game_275,2023-10-21 14:21:20
player_014,game_276,2023-10-13 03:23:07
player_014,game_277,2023-10-23 04:15:08
player_014,game_278,2023-10-15 15:59:50
player_014,game_279,2023-10-10 16:06:16
player_014,game_280,2023-10-19 16:12:00
player_014,game_281,2023-10-24 10:58:41
player_014,game_282,2023-10-06 04:15:36
player_014,game_283,2023-10-12 12:21:52
player_014,game_284,2023-10-19 12:19:17
player_014,game_285,2023-10-28 18:20:17
player_014,game_286,2023-10-18 10:13:03
player_014,game_287,2023-10-28 21:42:15
player_014,game_288,2023-10-15 08:42:58
player_014,game_289,2023-10-15 07:58:07
player_015,game_290,2023-10-02 01:33:41
player_015,game_291,2023-10-20 05:08:49
player_015,game_292,2023-10-14 07:47:34
player_015,game_293,2023-10-01 09:26:05
player_015,game_294,2023-10-28 11:21:18
player_015,game_295,2023-10-03 09:08:26
player_015,game_296,2023-10-30 10:30:53
player_015,game_297,2023-10-25 02:43:45
player_015,game_298,2023-10-14 21:26:25
player_015,game_299,2023-10-12 04:06:26
player_015,game_300,2023-10-30 11:16:55
player_015,game_301,2023-10-18 02:29:01
player_015,game_302,2023-10-11 15:09:31
player_015,game_303,2023-10-10 05:31:11
player_015,game_304,2023-10-13 04:00:04
player_015,game_305,2023-10-07 15:21:33
player_015,game_306,2023-10-05 17:12:15
player_015,game_307,2023-10-02 21:55:50
player_015,game_308,2023-10-15 23:55:58
player_015,game_309,2023-10-22 09:35:46
player_015,game_310,2023-10-02 14:52:20
player_015,game_311,2023-10-29 03:15:08
player_015,game_312,2023-10-18 17:05:38
player_016,game_313,2023-10-07 09:06:21
player_016,game_314,2023-10-05 09:00:46
player_016,game_315,2023-10-15 07:49:42
player_016,game_316,2023-10-16 20:39:19
player_016,game_317,2023-10-21 04:05:46
player_016,game_318,2023-10-09 12:38:07
player_016,game_319,2023-10-10 17:56:34
player_016,game_320,2023-10-07 09:58:38
player_016,game_321,2023-10-27 04:27:20
player_016,game_322,2023-10-18 18:15:17
player_016,game_323,2023-10-26 18:29:16
player_016,game_324,2023-10-25 08:37:59
player_016,game_325,2023-10-14 05:31:02
player_016,game_326,2023-10-08 23:42:29
player_016,game_327,2023-10-13 11:23:30
player_016,game_328,2023-10-24 09:23:36
player_016,game_329,2023-10-15 07:51:52
player_016,game_330,2023-10-17 10:37:54
player_016,game_331,2023-10-06 14:10:56
player_016,game_332,2023-10-23 17:38:44
player_016,game_333,2023-10-04 15:43:48
player_017,game_334,2023-10-07 19:59:37
player_017,game_335,2023-10-11 22:51:36
player_017,game_336,2023-10-20 07:01:04
player_017,game_337,2023-10-28 01:18:58
player_017,game_338,2023-10-18 18:09:31
player_017,game_339,2023-10-05 09:12:37
player_017,game_340,2023-10-20 03:42:45
player_017,game_341,2023-10-01 16:12:59
player_017,game_342,2023-10-13 20:06:59
player_017,game_343,2023-10-27 01:09:07
player_017,game_344,2023-10-06 23:59:28
player_017,game_345,2023-10-23 01:51:50
player_017,game_346,2023-10-18 21:26:00
player_017,game_347,2023-10-13 17:26:24
player_017,game_348,2023-10-29 09:03:42
player_017,game_349,2023-10-19 11:55:36
player_017,game_350,2023-10-19 00:47:53
player_018,game_351,2023-10-06 06:13:56
player_018,game_352,2023-10-12 08:25:20
player_018,game_353,2023-10-23 21:18:37
player_018,game_354,2023-10-02 05:09:20
player_018,game_355,2023-10-28 06:05:13
player_018,game_356,2023-10-16 22:09:18
player_018,game_357,2023-10-30 14:47:50
player_018,game_358,2023-10-11 17:54:41
player_018,game_359,2023-10-04 01:39:11
player_018,game_360,2023-10-23 12:54:39
player_018,game_361,2023-10-15 16:04:37
player_018,game_362,2023-10-20 19:41:56
player_018,game_363,2023-10-06 15:56:14
player_018,game_364,2023-10-07 18:51:07
player_018,game_365,2023-10-03 04:49:58
player_018,game_366,2023-10-02 19:21:18
player_018,game_367,2023-10-15 18:36:37
player_018,game_368,2023-10-24 21:56:57
player_018,game_369,2023-10-06 15:17:24
player_018,game_370,2023-10-05 17:14:12
player_018,game_371,2023-10-12 09:33:42
player_018,game_372,2023-10-27 02:17:13
player_019,game_373,2023-10-07 14:03:36
player_019,game_374,2023-10-19 20:48:18
player_019,game_375,2023-10-23 00:31:59
player_019,game_376,2023-10-19 00:15:35
player_019,game_377,2023-10-27 05:22:11
player_019,game_378,2023-10-21 08:19:05
player_019,game_379,2023-10-29 12:18:03
player_019,game_380,2023-10-08 12:01:56
player_019,game_381,2023-10-21 03:22:31
player_019,game_382,2023-10-05 19:22:06
player_019,game_383,2023-10-24 18:07:50
player_019,game_384,2023-10-30 21:17:12
player_019,game_385,2023-10-20 19:29:22
player_019,game_386,2023-10-14 13:55:15
player_019,game_387,2023-10-02 14:07:02
player_020,game_388,2023-10-18 23:41:55
player_020,game_389,2023-10-11 13:08:15
player_020,game_390,2023-10-22 12:34:43
player_020,game_391,2023-10-22 14:06:29
player_020,game_392,2023-10-12 11:05:28
player_020,game_393,2023-10-18 14:33:35
player_020,game_394,2023-10-05 19:45:23
player_020,game_395,2023-10-18 19:58:34
player_020,game_396,2023-10-27 10:20:55
player_020,game_397,2023-10-18 09:53:07
player_020,game_398,2023-10-03 22:32:45
player_020,game_399,2023-10-20 07:51:58
player_020,game_400,2023-10-14 09:25:30
player_021,game_401,2023-10-10 05:08:34
player_021,game_402,2023-10-06 22:19:34
player_021,game_403,2023-10-23 01:47:02
player_021,game_404,2023-10-05 10:48:26
player_021,game_405,2023-10-11 07:07:16
player_021,game_406,2023-10-29 23:43:31
player_021,game_407,2023-10-02 00:52:59
player_021,game_408,2023-10-03 10:55:41
player_021,game_409,2023-10-17 04:33:58
player_021,game_410,2023-10-12 19:46:41
player_021,game_411,2023-10-07 02:42:43
player_021,game_412,2023-10-28 09:46:51
player_021,game_413,2023-10-10 23:04:54
player_021,game_414,2023-10-04 07:56:11
player_021,game_415,2023-10-27 21:41:55
player_021,game_416,2023-10-11 01:21:20
player_021,game_417,2023-10-29 11:11:08
player_021,game_418,2023-10-11 11:36:05
player_021,game_419,2023-10-12 07:27:47
player_021,game_420,2023-10-16 22:47:58
player_021,game_421,2023-10-08 03:54:47
player_021,game_422,2023-10-29 22:22:08
player_021,game_423,2023-10-01 03:18:13
player_021,game_424,2023-10-14 11:02:54
player_022,game_425,2023-10-08 00:34:25
player_022,game_426,2023-10-07 07:27:06
player_022,game_427,2023-10-27 05:23:47
player_022,game_428,2023-10-13 04:01:59
player_022,game_429,2023-10-09 11:18:13
player_022,game_430,2023-10-06 08:04:24
player_022,game_431,2023-10-02 06:02:09
player_022,game_432,2023-10-07 09:33:42
player_022,game_433,2023-10-01 17:18:48
player_022,game_434,2023-10-18 09:22:57
player_022,game_435,2023-10-12 13:12:37
player_022,game_436,2023-10-29 14:03:48
player_022,game_437,2023-10-16 17:13:15
player_022,game_438,2023-10-01 18:23:10
player_022,game_439,2023-10-09 11:00:41
player_022,game_440,2023-10-13 21:10:32
player_022,game_441,2023-10-03 13:02:57
player_022,game_442,2023-10-07 03:41:03
player_022,game_443,2023-10-21 10:27:16
player_022,game_444,2023-10-26 12:56:02
player_022,game_445,2023-10-06 12:24:39
player_023,game_446,2023-10-04 02:03:01
player_023,game_447,2023-10-24 02:52:00
player_023,game_448,2023-10-22 18:16:42
player_023,game_449,2023-10-18 13:48:21
player_023,game_450,2023-10-25 21:57:56
player_023,game_451,2023-10-29 19:40:15
player_023,game_452,2023-10-06 07:03:25
player_023,game_453,2023-10-22 22:37:28
player_023,game_454,2023-10-25 11:00:52
player_023,game_455,2023-10-11 18:07:27
player_023,game_456,2023-10-30 20:39:05
player_023,game_457,2023-10-03 02:31:26
player_023,game_458,2023-10-26 07:32:04
player_023,game_459,2023-10-15 15:25:29
player_023,game_460,2023-10-23 05:39:29
player_023,game_461,2023-10-02 12:17:35
player_023,game_462,2023-10-03 22:52:00
player_023,game_463,2023-10-24 06:03:15
player_023,game_464,2023-10-20 11:55:04
player_023,game_465,2023-10-21 16:38:41
player_023,game_466,2023-10-06 05:47:04
player_024,game_467,2023-10-24 19:12:16
player_024,game_468,2023-10-22 12:47:15
player_024,game_469,2023-10-04 13:37:22
player_024,game_470,2023-10-04 22:07:39
player_024,game_471,2023-10-16 15:17:14
player_024,game_472,2023-10-30 12:43:04
player_024,game_473,2023-10-08 04:49:17
player_024,game_474,2023-10-04 04:31:31
player_024,game_475,2023-10-07 03:01:25
player_024,game_476,2023-10-14 08:25:00
player_024,game_477,2023-10-29 09:59:57
player_024,game_478,2023-10-27 14:52:53
player_024,game_479,2023-10-16 18:52:06
player_024,game_480,2023-10-19 11:47:08
player_024,game_481,2023-10-30 00:00:43
player_024,game_482,2023-10-26 18:08:36
player_024,game_483,2023-10-15 07:34:50
player_024,game_484,2023-10-23 00:37:00
player_025,game_485,2023-10-25 13:00:34
player_025,game_486,2023-10-30 09:22:24
player_025,game_487,2023-10-21 21:13:06
player_025,game_488,2023-10-05 19:33:04
player_025,game_489,2023-10-06 13:18:07
player_025,game_490,2023-10-27 18:21:07
player_025,game_491,2023-10-11 10:31:12
player_025,game_492,2023-10-21 21:04:04
player_025,game_493,2023-10-22 22:05:58
player_025,game_494,2023-10-12 02:12:51
player_025,game_495,2023-10-21 02:07:39
player_025,game_496,2023-10-17 10:53:02
player_025,game_497,2023-10-23 00:21:52
player_025,game_498,2023-10-20 08:33:15
player_025,game_499,2023-10-21 04:39:47
player_025,game_500,2023-10-05 14:46:58
player_025,game_501,2023-10-16 04:08:42
player_025,game_502,2023-10-21 17:12:57
player_025,game_503,2023-10-16 04:06:58
player_025,game_504,2023-10-13 08:58:05
player_025,game_505,2023-10-19 04:05:32
player_026,game_506,2023-10-08 09:50:14
player_026,game_507,2023-10-24 00:33:43
player_026,game_508,2023-10-04 06:12:57
player_026,game_509,2023-10-05 10:17:04
player_026,game_510,2023-10-05 03:27:24
player_026,game_511,2023-10-05 12:37:15
player_026,game_512,2023-10-21 23:10:21
player_026,game_513,2023-10-05 16:30:20
player_026,game_514,2023-10-19 02:09:54
player_026,game_515,2023-10-07 07:35:43
player_026,game_516,2023-10-28 00:13:08
player_026,game_517,2023-10-03 21:52:58
player_026,game_518,2023-10-29 11:16:52
player_026,game_519,2023-10-28 06:17:44
player_026,game_520,2023-10-28 06:24:30
player_026,game_521,2023-10-17 00:03:55
player_026,game_522,2023-10-06 22:24:35
player_026,game_523,2023-10-20 22:37:36
player_026,game_524,2023-10-18 03:58:17
player_026,game_525,2023-10-21 12:45:25
player_026,game_526,2023-10-03 11:56:20
player_026,game_527,2023-10-14 23:06:45
player_026,game_528,2023-10-30 03:31:42
player_026,game_529,2023-10-16 04:01:45
player_027,game_530,2023-10-18 01:41:51
player_027,game_531,2023-10-06 00:42:12
player_027,game_532,2023-10-29 01:19:25
player_027,game_533,2023-10-25 15:10:42
player_027,game_534,2023-10-11 07:51:31
player_027,game_535,2023-10-08 12:16:25
player_027,game_536,2023-10-24 09:47:28
player_027,game_537,2023-10-11 21:15:51
player_027,game_538,2023-10-06 06:05:00
player_027,game_539,2023-10-17 23:54:44
player_027,game_540,2023-10-28 00:05:46
player_027,game_541,2023-10-18 20:14:22
player_027,game_542,2023-10-06 13:51:03
player_027,game_543,2023-10-14 12:33:19
player_027,game_544,2023-10-28 20:52:29
player_027,game_545,2023-10-11 23:29:39
player_027,game_546,2023-10-21 19:57:07
player_027,game_547,2023-10-28 05:34:20
player_027,game_548,2023-10-30 18:51:52
player_027,game_549,2023-10-28 00:38:55
player_027,game_550,2023-10-02 06:35:16
player_027,game_551,2023-10-30 13:31:49
player_027,game_552,2023-10-13 23:35:57
player_028,game_553,2023-10-02 09:43:58
player_028,game_554,2023-10-09 18:11:59
player_028,game_555,2023-10-14 06:22:59
player_028,game_556,2023-10-15 23:59:35
player_028,game_557,2023-10-17 11:55:27
player_028,game_558,2023-10-18 00:58:18
player_028,game_559,2023-10-01 07:06:49
player_028,game_560,2023-10-09 19:21:10
player_028,game_561,2023-10-07 22:54:00
player_028,game_562,2023-10-28 11:48:42
player_028,game_563,2023-10-20 10:56:51
player_028,game_564,2023-10-04 09:04:22
player_028,game_565,2023-10-07 21:17:45
player_028,game_566,2023-10-02 11:43:05
player_028,game_567,2023-10-05 10:54:19
player_028,game_568,2023-10-26 18:03:25
player_028,game_569,2023-10-11 10:38:52
player_028,game_570,2023-10-19 06:17:53
player_028,game_571,2023-10-21 09:08:25
player_028,game_572,2023-10-23 00:32:08
player_028,game_573,2023-10-17 13:10:21
player_028,game_574,2023-10-08 15:23:42
player_028,game_575,2023-10-18 23:08:35
player_028,game_576,2023-10-16 03:05:01
player_028,game_577,2023-10-16 17:56:00
player_028,game_578,2023-10-28 13:17:39
player_028,game_579,2023-10-29 22:39:03
player_028,game_580,2023-10-05 02:58:55
player_028,game_581,2023-10-03 13:17:37
player_028,game_582,2023-10-08 13:15:49
player_028,game_583,2023-10-08 15:23:44
player_029,game_584,2023-10-30 23:50:01
player_029,game_585,2023-10-03 09:58:39
player_029,game_586,2023-10-04 23:02:57
player_029,game_587,2023-10-14 05:01:22
player_029,game_588,2023-10-22 12:15:50
player_029,game_589,2023-10-21 14:00:46
player_029,game_590,2023-10-24 13:50:12
player_029,game_591,2023-10-30 11:17:41
player_029,game_592,2023-10-22 11:01:07
player_029,game_593,2023-10-21 02:33:32
player_029,game_594,2023-10-14 06:15:44
player_029,game_595,2023-10-11 11:09:21
player_029,game_596,2023-10-25 20:55:36
player_029,game_597,2023-10-06 12:36:25
player_029,game_598,2023-10-17 18:09:19
player_029,game_599,2023-10-21 20:53:08
player_029,game_600,2023-10-06 09:11:45
player_029,game_601,2023-10-14 18:00:21
player_030,game_602,2023-10-29 19:03:05
player_030,game_603,2023-10-24 14:58:05
player_030,game_604,2023-10-26 13:55:21
player_030,game_605,2023-10-15 23:20:04
player_030,game_606,2023-10-03 04:54:54
player_030,game_607,2023-10-11 16:55:21
player_030,game_608,2023-10-20 04:30:54
player_030,game_609,2023-10-30 02:15:51
player_030,game_610,2023-10-03 15:49:32
player_030,game_611,2023-10-01 08:57:21
player_030,game_612,2023-10-10 22:10:12
player_030,game_613,2023-10-15 15:10:44
player_030,game_614,2023-10-11 06:06:19
player_030,game_615,2023-10-07 15:53:24
player_030,game_616,2023-10-13 09:42:06
player_030,game_617,2023-10-15 01:13:49
player_030,game_618,2023-10-16 22:17:24
player_031,game_619,2023-10-06 19:47:30
player_031,game_620,2023-10-01 09:00:21
player_031,game_621,2023-10-25 03:29:45
player_031,game_622,2023-10-21 21:44:58
player_031,game_623,2023-10-09 12:41:57
player_031,game_624,2023-10-07 06:30:44
player_031,game_625,2023-10-19 10:58:25
player_031,game_626,2023-10-26 20:30:12
player_031,game_627,2023-10-12 04:05:54
player_031,game_628,2023-10-25 06:50:52
player_031,game_629,2023-10-28 02:57:36
player_031,game_630,2023-10-18 04:38:04
player_031,game_631,2023-10-04 11:58:26
player_031,game_632,2023-10-20 06:37:17
player_031,game_633,2023-10-03 01:17:08
player_031,game_634,2023-10-22 04:13:57
player_031,game_635,2023-10-01 21:50:07
player_031,game_636,2023-10-23 07:39:09
player_031,game_637,2023-10-04 18:42:59
player_032,game_638,2023-10-16 04:44:31
player_032,game_639,2023-10-28 22:48:28
player_032,game_640,2023-10-21 20:09:08
player_032,game_641,2023-10-28 20:03:32
player_032,game_642,2023-10-20 15:11:12
player_032,game_643,2023-10-21 06:38:55
player_032,game_644,2023-10-15 01:18:34
player_032,game_645,2023-10-06 14:11:12
player_032,game_646,2023-10-20 15:53:48
player_032,game_647,2023-10-02 00:17:58
player_032,game_648,2023-10-16 18:22:56
player_032,game_649,2023-10-09 08:14:48
player_032,game_650,2023-10-23 08:03:06
player_032,game_651,2023-10-18 13:35:20
player_032,game_652,2023-10-05 06:40:43
player_032,game_653,2023-10-22 04:48:21
player_032,game_654,2023-10-06 03:20:22
player_032,game_655,2023-10-12 19:29:03
player_032,game_656,2023-10-22 03:35:59
player_032,game_657,2023-10-29 14:05:05
player_032,game_658,2023-10-20 10:33:28
player_032,game_659,2023-10-26 10:27:38
player_032,game_660,2023-10-04 19:37:49
player_032,game_661,2023-10-20 05:06:05
player_032,game_662,2023-10-16 01:29:45
player_032,game_663,2023-10-17 11:33:41
player_033,game_664,2023-10-11 18:09:00
player_033,game_665,2023-10-17 04:03:11
player_033,game_666,2023-10-09 03:53:19
player_033,game_667,2023-10-04 16:59:18
player_033,game_668,2023-10-25 18:45:22
player_033,game_669,2023-10-06 12:51:02
player_033,game_670,2023-10-26 18:11:57
player_033,game_671,2023-10-25 18:08:13
player_033,game_672,2023-10-10 09:54:51
player_033,game_673,2023-10-17 23:03:06
player_033,game_674,2023-10-18 01:03:39
player_033,game_675,2023-10-08 04:04:16
player_033,game_676,2023-10-12 11:16:23
player_033,game_677,2023-10-05 23:46:33
player_033,game_678,2023-10-08 02:37:11
player_033,game_679,2023-10-13 10:13:28
player_033,game_680,2023-10-10 13:50:17
player_033,game_681,2023-10-09 10:08:27
player_034,game_682,2023-10-30 05:50:44
player_034,game_683,2023-10-08 10:06:22
player_034,game_684,2023-10-04 15:47:34
player_034,game_685,2023-10-09 14:23:24
player_034,game_686,2023-10-24 23:41:17
player_034,game_687,2023-10-23 12:32:40
player_034,game_688,2023-10-28 08:47:57
player_034,game_689,2023-10-29 03:07:45
player_034,game_690,2023-10-22 19:00:45
player_034,game_691,2023-10-28 09:40:50
player_034,game_692,2023-10-16 16:33:53
player_034,game_693,2023-10-16 08:19:42
player_034,game_694,2023-10-08 07:52:41
player_034,game_695,2023-10-22 08:21:38
player_034,game_696,2023-10-04 07:33:33
player_034,game_697,2023-10-23 18:19:57
player_034,game_698,2023-10-22 11:12:35
player_034,game_699,2023-10-15 16:48:40
player_034,game_700,2023-10-14 08:01:04
player_034,game_701,2023-10-29 17:03:14
player_034,game_702,2023-10-03 17:26:42
player_034,game_703,2023-10-18 02:02:32
player_034,game_704,2023-10-25 15:05:25
player_035,game_705,2023-10-04 14:26:18
player_035,game_706,2023-10-16 01:39:04
player_035,game_707,2023-10-23 09:58:08
player_035,game_708,2023-10-22 22:31:04
player_035,game_709,2023-10-02 19:48:56
player_035,game_710,2023-10-03 18:16:54
player_035,game_711,2023-10-18 21:36:37
player_035,game_712,2023-10-14 22:28:08
player_035,game_713,2023-10-04 17:23:53
player_035,game_714,2023-10-05 09:12:10
player_035,game_715,2023-10-30 20:32:12
player_035,game_716,2023-10-29 20:09:11
player_035,game_717,2023-10-25 14:46:36
player_035,game_718,2023-10-19 15:57:16
player_035,game_719,2023-10-23 11:05:53
player_035,game_720,2023-10-29 04:07:57
player_035,game_721,2023-10-27 21:49:31
player_035,game_722,2023-10-02 23:47:41
player_035,game_723,2023-10-22 19:58:39
player_035,game_724,2023-10-28 18:01:41
player_035,game_725,2023-10-10 03:18:53
player_035,game_726,2023-10-16 14:36:20
player_036,game_727,2023-10-30 08:52:58
player_036,game_728,2023-10-24 02:08:52
player_036,game_729,2023-10-25 08:08:06
player_036,game_730,2023-10-08 07:45:57
player_036,game_731,2023-10-04 00:05:17
player_036,game_732,2023-10-22 20:53:50
player_036,game_733,2023-10-06 00:35:18
player_036,game_734,2023-10-17 16:08:02
player_036,game_735,2023-10-05 02:15:02
player_036,game_736,2023-10-25 11:50:31
player_036,game_737,2023-10-09 09:02:44
player_036,game_738,2023-10-02 21:36:13
player_036,game_739,2023-10-13 00:38:32
player_036,game_740,2023-10-22 06:01:31
player_036,game_741,2023-10-22 07:57:48
player_036,game_742,2023-10-26 10:35:02
player_036,game_743,2023-10-26 09:02:44
player_036,game_744,2023-10-30 14:28:29
player_036,game_745,2023-10-08 16:57:09
player_036,game_746,2023-10-18 15:58:18
player_036,game_747,2023-10-19 02:24:14
player_036,game_748,2023-10-14 17:35:41
player_036,game_749,2023-10-19 19:22:22
player_036,game_750,2023-10-20 20:15:03
player_037,game_751,2023-10-17 10:13:34
player_037,game_752,2023-10-30 00:35:15
player_037,game_753,2023-10-03 13:00:36
player_037,game_754,2023-10-17 05:53:41
player_037,game_755,2023-10-04 04:47:34
player_037,game_756,2023-10-17 00:07:03
player_037,game_757,2023-10-05 14:06:26
player_037,game_758,2023-10-28 02:04:27
player_037,game_759,2023-10-19 18:22:47
player_037,game_760,2023-10-14 19:03:18
player_037,game_761,2023-10-13 05:35:46
player_037,game_762,2023-10-30 06:11:50
player_037,game_763,2023-10-08 07:11:51
player_037,game_764,2023-10-17 04:23:41
player_037,game_765,2023-10-04 22:57:24
player_037,game_766,2023-10-29 06:56:26
player_037,game_767,2023-10-07 20:46:33
player_037,game_768,2023-10-17 23:34:14
player_037,game_769,2023-10-16 01:26:46
player_037,game_770,2023-10-20 00:39:50
player_037,game_771,2023-10-07 06:14:22
player_038,game_772,2023-10-29 21:16:23
player_038,game_773,2023-10-05 02:42:17
player_038,game_774,2023-10-16 00:41:20
player_038,game_775,2023-10-28 03:11:29
player_038,game_776,2023-10-19 06:51:47
player_038,game_777,2023-10-16 22:42:10
player_038,game_778,2023-10-07 04:53:25
player_038,game_779,2023-10-26 13:17:33
player_038,game_780,2023-10-05 12:52:50
player_038,game_781,2023-10-21 13:18:15
player_038,game_782,2023-10-25 16:25:55
player_038,game_783,2023-10-18 13:33:37
player_038,game_784,2023-10-01 21:14:24
player_038,game_785,2023-10-18 14:27:24
player_038,game_786,2023-10-15 23:51:18
player_038,game_787,2023-10-09 18:01:17
player_038,game_788,2023-10-11 09:33:09
player_038,game_789,2023-10-17 14:08:49
player_038,game_790,2023-10-24 14:32:48
player_038,game_791,2023-10-10 07:42:08
player_038,game_792,2023-10-11 23:56:30
player_038,game_793,2023-10-07 16:16:30
player_039,game_794,2023-10-08 12:31:27
player_039,game_795,2023-10-04 17:54:13
player_039,game_796,2023-10-15 08:37:21
player_039,game_797,2023-10-05 21:50:15
player_039,game_798,2023-10-25 15:30:04
player_039,game_799,2023-10-27 04:52:42
player_039,game_800,2023-10-26 13:27:13
player_039,game_801,2023-10-02 19:58:44
player_039,game_802,2023-10-17 08:21:32
player_039,game_803,2023-10-07 08:40:59
player_039,game_804,2023-10-29 23:50:33
player_039,game_805,2023-10-19 06:54:37
player_039,game_806,2023-10-08 11:43:02
player_039,game_807,2023-10-08 21:01:54
player_039,game_808,2023-10-09 18:42:02
player_039,game_809,2023-10-09 00:52:01
player_039,game_810,2023-10-22 05:55:35
player_039,game_811,2023-10-03 02:54:19
player_039,game_812,2023-10-20 22:41:05
player_039,game_813,2023-10-18 16:26:22
player_039,game_814,2023-10-12 12:44:33
player_040,game_815,2023-10-22 13:31:44
player_040,game_816,2023-10-30 15:23:42
player_040,game_817,2023-10-14 19:57:54
player_040,game_818,2023-10-22 19:02:20
player_040,game_819,2023-10-12 08:37:59
player_040,game_820,2023-10-26 22:10:05
player_040,game_821,2023-10-12 14:39:05
player_040,game_822,2023-10-16 00:33:22
player_040,game_823,2023-10-23 18:26:34
player_040,game_824,2023-10-10 10:02:42
player_040,game_825,2023-10-18 20:33:56
player_040,game_826,2023-10-28 16:35:12
player_040,game_827,2023-10-22 09:19:59
player_040,game_828,2023-10-23 09:53:46
player_040,game_829,2023-10-14 16:17:16
player_040,game_830,2023-10-19 12:54:49
player_040,game_831,2023-10-25 09:55:43
player_040,game_832,2023-10-26 14:32:06
player_040,game_833,2023-10-21 07:46:30
player_040,game_834,2023-10-08 20:48:41
player_040,game_835,2023-10-10 16:39:52
player_041,game_836,2023-10-30 08:29:02
player_041,game_837,2023-10-07 17:14:45
player_041,game_838,2023-10-13 03:16:29
player_041,game_839,2023-10-03 12:47:37
player_041,game_840,2023-10-24 07:55:43
player_041,game_841,2023-10-19 00:29:36
player_041,game_842,2023-10-27 22:05:12
player_041,game_843,2023-10-05 23:31:32
player_041,game_844,2023-10-26 01:04:40
player_041,game_845,2023-10-07 01:15:36
player_041,game_846,2023-10-14 20:07:20
player_041,game_847,2023-10-05 01:43:17
player_041,game_848,2023-10-08 18:46:38
player_041,game_849,2023-10-14 05:49:29
player_041,game_850,2023-10-22 19:29:41
player_041,game_851,2023-10-25 22:05:57
player_041,game_852,2023-10-08 03:40:25
player_041,game_853,2023-10-22 05:41:32
player_041,game_854,2023-10-05 10:51:14
player_041,game_855,2023-10-11 18:41:34
player_041,game_856,2023-10-22 21:36:07
player_041,game_857,2023-10-17 23:17:46
player_042,game_858,2023-10-02 07:04:22
player_042,game_859,2023-10-21 03:23:23
player_042,game_860,2023-10-03 14:02:55
player_042,game_861,2023-10-20 05:54:08
player_042,game_862,2023-10-25 08:52:50
player_042,game_863,2023-10-19 03:41:48
player_042,game_864,2023-10-12 10:42:04
player_042,game_865,2023-10-19 17:54:58
player_042,game_866,2023-10-04 23:04:38
player_042,game_867,2023-10-19 04:48:17
player_042,game_868,2023-10-11 21:36:23
player_042,game_869,2023-10-02 08:50:27
player_042,game_870,2023-10-16 11:17:41
player_042,game_871,2023-10-05 19:26:24
player_042,game_872,2023-10-17 06:38:29
player_042,game_873,2023-10-08 02:09:35
player_042,game_874,2023-10-07 16:18:54
player_043,game_875,2023-10-02 20:37:35
player_043,game_876,2023-10-14 22:14:19
player_043,game_877,2023-10-23 22:26:59
player_043,game_878,2023-10-07 17:42:18
player_043,game_879,2023-10-23 18:33:10
player_043,game_880,2023-10-22 18:39:30
player_043,game_881,2023-10-30 20:55:57
player_043,game_882,2023-10-01 06:07:05
player_043,game_883,2023-10-04 20:18:16
player_043,game_884,2023-10-01 22:08:28
player_043,game_885,2023-10-13 10:10:22
player_043,game_886,2023-10-11 11:15:21
player_043,game_887,2023-10-08 06:12:10
player_043,game_888,2023-10-27 15:24:11
player_043,game_889,2023-10-30 13:23:48
player_043,game_890,2023-10-26 14:53:54
player_043,game_891,2023-10-21 13:07:39
player_043,game_892,2023-10-06 09:32:31
player_043,game_893,2023-10-14 23:39:45
player_043,game_894,2023-10-12 12:52:15
player_044,game_895,2023-10-15 14:51:59
player_044,game_896,2023-10-06 21:57:49
player_044,game_897,2023-10-03 07:37:55
player_044,game_898,2023-10-12 13:48:07
player_044,game_899,2023-10-21 09:07:55
player_044,game_900,2023-10-23 04:34:33
player_044,game_901,2023-10-04 01:10:32
player_044,game_902,2023-10-06 09:09:31
player_044,game_903,2023-10-25 06:20:35
player_044,game_904,2023-10-29 23:15:04
player_044,game_905,2023-10-27 00:32:52
player_045,game_906,2023-10-01 19:08:54
player_045,game_907,2023-10-26 00:27:22
player_045,game_908,2023-10-28 21:58:43
player_045,game_909,2023-10-12 17:52:42
player_045,game_910,2023-10-07 23:16:44
player_045,game_911,2023-10-15 03:21:23
player_045,game_912,2023-10-21 20:05:58
player_045,game_913,2023-10-01 01:49:21
player_045,game_914,2023-10-30 20:18:18
player_045,game_915,2023-10-18 03:03:37
player_045,game_916,2023-10-12 16:16:39
player_045,game_917,2023-10-28 16:52:17
player_045,game_918,2023-10-21 05:20:11
player_045,game_919,2023-10-10 02:14:11
player_045,game_920,2023-10-05 03:44:50
player_045,game_921,2023-10-26 09:54:13
player_045,game_922,2023-10-18 12:08:01
player_045,game_923,2023-10-04 06:51:07
player_045,game_924,2023-10-26 12:54:13
player_045,game_925,2023-10-27 09:54:05
player_045,game_926,2023-10-25 15:04:46
player_045,game_927,2023-10-25 15:25:23
player_045,game_928,2023-10-27 21:38:01
player_045,game_929,2023-10-01 23:41:28
player_046,game_930,2023-10-19 22:54:41
player_046,game_931,2023-10-23 19:44:49
player_046,game_932,2023-10-03 02:43:16
player_046,game_933,2023-10-19 18:44:57
player_046,game_934,2023-10-19 02:55:43
player_046,game_935,2023-10-13 07:31:26
player_046,game_936,2023-10-01 18:55:24
player_046,game_937,2023-10-18 08:02:40
player_046,game_938,2023-10-04 06:42:45
player_046,game_939,2023-10-17 17:43:26
player_046,game_940,2023-10-12 16:55:55
player_046,game_941,2023-10-06 00:46:37
player_046,game_942,2023-10-29 05:57:59
player_046,game_943,2023-10-17 03:24:44
player_046,game_944,2023-10-07 11:26:00
player_046,game_945,2023-10-03 03:39:17
player_046,game_946,2023-10-18 02:27:29
player_046,game_947,2023-10-27 12:09:07
player_046,game_948,2023-10-17 10:26:10
player_046,game_949,2023-10-09 11:59:37
player_046,game_950,2023-10-23 13:19:29
player_046,game_951,2023-10-24 05:31:45
player_046,game_952,2023-10-09 20:22:09
player_046,game_953,2023-10-07 13:06:52
player_047,game_954,2023-10-04 01:31:02
player_047,game_955,2023-10-23 05:14:07
player_047,game_956,2023-10-02 19:05:21
player_047,game_957,2023-10-15 05:53:07
player_047,game_958,2023-10-10 18:52:13
player_047,game_959,2023-10-03 03:02:16
player_047,game_960,2023-10-10 16:23:57
player_047,game_961,2023-10-03 00:49:26
player_047,game_962,2023-10-16 07:41:44
player_047,game_963,2023-10-16 01:15:52
player_047,game_964,2023-10-26 00:27:55
player_047,game_965,2023-10-20 07:57:52
player_047,game_966,2023-10-27 08:40:35
player_047,game_967,2023-10-23 23:33:02
player_047,game_968,2023-10-13 07:07:54
player_047,game_969,2023-10-02 18:39:58
player_047,game_970,2023-10-10 06:39:05
player_047,game_971,2023-10-14 21:20:36
player_047,game_972,2023-10-18 07:54:18
player_048,game_973,2023-10-03 07:41:44
player_048,game_974,2023-10-17 02:43:13
player_048,game_975,2023-10-14 06:19:13
player_048,game_976,2023-10-07 01:01:26
player_048,game_977,2023-10-18 20:46:24
player_048,game_978,2023-10-22 05:05:06
player_048,game_979,2023-10-20 10:03:32
player_048,game_980,2023-10-22 08:19:49
player_048,game_981,2023-10-19 18:28:25
player_048,game_982,2023-10-17 11:00:22
player_048,game_983,2023-10-10 01:39:28
player_048,game_984,2023-10-25 02:07:07
player_048,game_985,2023-10-25 03:39:24
player_048,game_986,2023-10-18 19:59:24
player_048,game_987,2023-10-26 05:00:00
player_048,game_988,2023-10-13 22:45:07
player_048,game_989,2023-10-05 00:14:57
player_048,game_990,2023-10-21 14:34:40
player_049,game_991,2023-10-04 19:57:23
player_049,game_992,2023-10-21 21:41:37
player_049,game_993,2023-10-30 05:54:32
player_049,game_994,2023-10-09 18:14:49
player_049,game_995,2023-10-27 11:31:25
player_049,game_996,2023-10-15 06:15:45
player_049,game_997,2023-10-16 14:14:18
player_049,game_998,2023-10-05 23:32:06
player_049,game_999,2023-10-04 21:17:13
player_049,game_1000,2023-10-16 22:03:15
player_049,game_1001,2023-10-15 08:26:43
player_049,game_1002,2023-10-15 21:05:36
player_049,game_1003,2023-10-22 15:31:46
player_050,game_1004,2023-10-30 06:06:18
player_050,game_1005,2023-10-21 16:27:40
player_050,game_1006,2023-10-09 02:09:18
player_050,game_1007,2023-10-22 13:11:26
player_050,game_1008,2023-10-18 01:34:54
player_050,game_1009,2023-10-22 16:56:37
player_050,game_1010,2023-10-03 01:20:50
player_050,game_1011,2023-10-18 02:45:40
player_050,game_1012,2023-10-30 20:21:14
player_050,game_1013,2023-10-22 02:44:32
player_050,game_1014,2023-10-14 07:52:48
player_050,game_1015,2023-10-03 18:49:37
player_050,game_1016,2023-10-04 15:25:45
player_050,game_1017,2023-10-20 17:16:09
player_050,game_1018,2023-10-18 15:17:17
player_050,game_1019,2023-10-25 21:47:18
player_050,game_1020,2023-10-08 18:23:52
player_050,game_1021,2023-10-02 12:16:53
player_050,game_1022,2023-10-07 22:21:00
player_050,game_1023,2023-10-30 11:52:25
player_050,game_1024,2023-10-22 06:30:30
player_051,game_1025,2023-10-02 16:32:37
player_051,game_1026,2023-10-07 03:04:07
player_051,game_1027,2023-10-04 06:19:57
player_051,game_1028,2023-10-12 10:57:16
player_051,game_1029,2023-10-18 18:48:12
player_051,game_1030,2023-10-18 13:56:09
player_051,game_1031,2023-10-19 14:03:27
player_051,game_1032,2023-10-28 12:53:16
player_051,game_1033,2023-10-02 13:43:53
player_051,game_1034,2023-10-30 08:59:11
player_051,game_1035,2023-10-08 10:46:06
player_051,game_1036,2023-10-22 20:11:52
player_051,game_1037,2023-10-19 00:12:17
player_051,game_1038,2023-10-19 01:25:37
player_051,game_1039,2023-10-22 13:13:36
player_051,game_1040,2023-10-04 17:34:40
player_051,game_1041,2023-10-28 20:40:02
player_051,game_1042,2023-10-07 16:25:35
player_051,game_1043,2023-10-26 16:51:55
player_051,game_1044,2023-10-18 19:31:39
player_051,game_1045,2023-10-20 07:44:35
player_051,game_1046,2023-10-16 06:17:08
player_052,game_1047,2023-10-14 12:41:49
player_052,game_1048,2023-10-13 02:49:07
player_052,game_1049,2023-10-06 12:10:37
player_052,game_1050,2023-10-02 06:11:28
player_052,game_1051,2023-10-10 00:45:42
player_052,game_1052,2023-10-25 05:25:42
player_052,game_1053,2023-10-26 03:13:01
player_052,game_1054,2023-10-19 18:52:22
player_052,game_1055,2023-10-28 06:23:46
player_052,game_1056,2023-10-06 17:12:05
player_052,game_1057,2023-10-13 16:59:30
player_052,game_1058,2023-10-13 15:15:34
player_052,game_1059,2023-10-22 15:56:45
player_052,game_1060,2023-10-11 09:59:33
player_052,game_1061,2023-10-30 16:53:18
player_052,game_1062,2023-10-14 20:43:16
player_052,game_1063,2023-10-24 20:17:22
player_052,game_1064,2023-10-10 17:13:28
player_052,game_1065,2023-10-06 22:52:58
player_052,game_1066,2023-10-07 14:08:06
player_052,game_1067,2023-10-04 14:16:36
player_052,game_1068,2023-10-22 22:40:04
player_053,game_1069,2023-10-09 09:09:33
player_053,game_1070,2023-10-22 14:35:31
player_053,game_1071,2023-10-05 06:17:01
player_053,game_1072,2023-10-16 12:20:48
player_053,game_1073,2023-10-17 20:46:47
player_053,game_1074,2023-10-04 03:39:34
player_053,game_1075,2023-10-27 16:47:35
player_053,game_1076,2023-10-27 07:40:31
player_053,game_1077,2023-10-15 02:17:47
player_053,game_1078,2023-10-15 13:28:29
player_053,game_1079,2023-10-08 15:30:24
player_053,game_1080,2023-10-09 10:49:50
player_053,game_1081,2023-10-18 13:10:08
player_053,game_1082,2023-10-25 16:44:36
player_054,game_1083,2023-10-11 21:15:37
player_054,game_1084,2023-10-06 21:23:51
player_054,game_1085,2023-10-10 18:09:32
player_054,game_1086,2023-10-07 17:48:11
player_054,game_1087,2023-10-12 11:49:03
player_054,game_1088,2023-10-24 23:34:38
player_054,game_1089,2023-10-02 06:37:23
player_054,game_1090,2023-10-18 12:28:29
player_054,game_1091,2023-10-27 21:28:54
player_054,game_1092,2023-10-28 18:45:05
player_054,game_1093,2023-10-18 21:48:45
player_054,game_1094,2023-10-23 16:34:02
player_054,game_1095,2023-10-27 18:42:54
player_054,game_1096,2023-10-07 07:11:39
player_054,game_1097,2023-10-30 16:58:17
player_054,game_1098,2023-10-05 04:26:53
player_054,game_1099,2023-10-04 04:36:07
player_054,game_1100,2023-10-16 00:20:59
player_054,game_1101,2023-10-20 07:53:23
player_054,game_1102,2023-10-24 05:41:06
player_054,game_1103,2023-10-26 12:28:47
player_054,game_1104,2023-10-20 22:36:39
player_054,game_1105,2023-10-20 21:01:28
player_054,game_1106,2023-10-28 21:48:27
player_054,game_1107,2023-10-04 13:55:32
player_055,game_1108,2023-10-07 02:00:58
player_055,game_1109,2023-10-16 09:21:50
player_055,game_1110,2023-10-04 14:24:30
player_055,game_1111,2023-10-22 20:15:29
player_055,game_1112,2023-10-23 14:44:06
player_055,game_1113,2023-10-26 02:46:05
player_055,game_1114,2023-10-17 17:23:19
player_055,game_1115,2023-10-07 05:31:14
player_055,game_1116,2023-10-27 18:18:54
player_055,game_1117,2023-10-29 12:49:13
player_055,game_1118,2023-10-09 20:00:08
player_055,game_1119,2023-10-07 06:20:03
player_055,game_1120,2023-10-22 00:02:12
player_055,game_1121,2023-10-25 09:52:43
player_055,game_1122,2023-10-03 16:33:38
player_055,game_1123,2023-10-07 00:39:29
player_055,game_1124,2023-10-26 03:37:57
player_055,game_1125,2023-10-08 10:16:33
player_055,game_1126,2023-10-15 18:19:50
player_055,game_1127,2023-10-08 23:50:21
player_055,game_1128,2023-10-08 20:42:18
player_056,game_1129,2023-10-16 15:55:37
player_056,game_1130,2023-10-11 22:41:30
player_056,game_1131,2023-10-17 19:08:45
player_056,game_1132,2023-10-26 04:33:35
player_056,game_1133,2023-10-14 18:56:24
player_056,game_1134,2023-10-04 19:52:42
player_056,game_1135,2023-10-13 03:58:34
player_056,game_1136,2023-10-10 12:42:29
player_056,game_1137,2023-10-27 17:46:36
player_056,game_1138,2023-10-14 07:45:31
player_056,game_1139,2023-10-07 01:50:02
player_056,game_1140,2023-10-15 16:48:58
player_056,game_1141,2023-10-30 19:51:38
player_056,game_1142,2023-10-26 21:32:49
player_056,game_1143,2023-10-05 12:51:07
player_057,game_1144,2023-10-25 09:32:24
player_057,game_1145,2023-10-09 04:28:30
player_057,game_1146,2023-10-29 17:30:24
player_057,game_1147,2023-10-29 04:30:07
player_057,game_1148,2023-10-08 11:38:57
player_057,game_1149,2023-10-09 07:27:47
player_057,game_1150,2023-10-30 09:02:16
player_057,game_1151,2023-10-17 09:21:19
player_057,game_1152,2023-10-28 08:39:45
player_057,game_1153,2023-10-02 23:59:41
player_057,game_1154,2023-10-02 09:03:27
player_057,game_1155,2023-10-04 22:37:53
player_057,game_1156,2023-10-03 04:58:00
player_057,game_1157,2023-10-28 23:59:13
player_057,game_1158,2023-10-13 20:20:47
player_057,game_1159,2023-10-11 05:36:34
player_057,game_1160,2023-10-28 18:35:17
player_057,game_1161,2023-10-21 05:21:31
player_058,game_1162,2023-10-02 11:17:08
player_058,game_1163,2023-10-25 04:15:23
player_058,game_1164,2023-10-27 11:38:37
player_058,game_1165,2023-10-15 01:29:30
player_058,game_1166,2023-10-15 15:57:54
player_058,game_1167,2023-10-24 10:40:17
player_058,game_1168,2023-10-12 21:18:12
player_058,game_1169,2023-10-20 17:07:55
player_058,game_1170,2023-10-15 10:32:08
player_058,game_1171,2023-10-23 00:25:01
player_058,game_1172,2023-10-04 13:01:11
player_058,game_1173,2023-10-03 21:48:13
player_058,game_1174,2023-10-08 16:10:37
player_058,game_1175,2023-10-22 08:10:39
player_058,game_1176,2023-10-21 04:14:03
player_058,game_1177,2023-10-24 12:11:36
player_058,game_1178,2023-10-23 13:06:51
player_059,game_1179,2023-10-10 21:42:14
player_059,game_1180,2023-10-17 12:21:11
player_059,game_1181,2023-10-30 10:48:37
player_059,game_1182,2023-10-07 23:23:10
player_059,game_1183,2023-10-16 04:11:06
player_059,game_1184,2023-10-16 12:01:50
player_059,game_1185,2023-10-17 18:23:09
player_059,game_1186,2023-10-20 08:32:18
player_059,game_1187,2023-10-07 08:21:12
player_059,game_1188,2023-10-18 23:42:38
player_059,game_1189,2023-10-25 23:59:43
player_059,game_1190,2023-10-28 06:22:15
player_059,game_1191,2023-10-06 03:42:47
player_059,game_1192,2023-10-16 11:47:49
player_059,game_1193,2023-10-12 17:38:42
player_059,game_1194,2023-10-23 15:28:47
player_059,game_1195,2023-10-06 22:44:54
player_060,game_1196,2023-10-13 23:37:37
player_060,game_1197,2023-10-22 19:49:02
player_060,game_1198,2023-10-13 00:50:47
player_060,game_1199,2023-10-07 20:08:03
player_060,game_1200,2023-10-05 16:47:37
player_060,game_1201,2023-10-03 10:57:33
player_060,game_1202,2023-10-15 02:07:17
player_060,game_1203,2023-10-19 15:34:01
player_060,game_1204,2023-10-30 20:58:00
player_060,game_1205,2023-10-21 07:09:44
player_060,game_1206,2023-10-13 01:15:21
player_060,game_1207,2023-10-08 18:03:48
player_060,game_1208,2023-10-16 21:29:25
player_060,game_1209,2023-10-29 01:03:15
player_060,game_1210,2023-10-16 04:20:21
player_060,game_1211,2023-10-10 05:10:21
player_060,game_1212,2023-10-08 17:38:50
player_060,game_1213,2023-10-25 04:31:17
player_060,game_1214,2023-10-25 23:41:52
player_061,game_1215,2023-10-23 15:52:44
player_061,game_1216,2023-10-25 05:05:49
player_061,game_1217,2023-10-15 23:28:32
player_061,game_1218,2023-10-25 03:28:42
player_061,game_1219,2023-10-02 03:00:08
player_061,game_1220,2023-10-05 08:54:53
player_061,game_1221,2023-10-20 02:09:37
player_061,game_1222,2023-10-25 12:53:07
player_061,game_1223,2023-10-23 04:42:44
player_061,game_1224,2023-10-12 16:28:09
player_061,game_1225,2023-10-11 10:39:41
player_061,game_1226,2023-10-29 07:38:42
player_061,game_1227,2023-10-18 03:09:09
player_061,game_1228,2023-10-03 08:41:27
player_062,game_1229,2023-10-03 10:53:01
player_062,game_1230,2023-10-14 15:48:14
player_062,game_1231,2023-10-25 00:35:36
player_062,game_1232,2023-10-30 00:09:35
player_062,game_1233,2023-10-23 20:16:24
player_062,game_1234,2023-10-14 20:55:15
player_062,game_1235,2023-10-27 01:17:24
player_062,game_1236,2023-10-01 09:31:38
player_062,game_1237,2023-10-06 05:14:35
player_062,game_1238,2023-10-21 22:04:02
player_062,game_1239,2023-10-07 12:02:43
player_062,game_1240,2023-10-13 20:07:59
player_062,game_1241,2023-10-18 18:09:42
player_062,game_1242,2023-10-20 13:49:30
player_062,game_1243,2023-10-18 18:20:52
player_062,game_1244,2023-10-03 04:42:40
player_062,game_1245,2023-10-20 10:42:41
player_062,game_1246,2023-10-03 11:36:10
player_062,game_1247,2023-10-28 16:25:34
player_062,game_1248,2023-10-28 06:33:50
player_062,game_1249,2023-10-10 10:47:23
player_062,game_1250,2023-10-18 14:22:14
player_062,game_1251,2023-10-27 20:33:05
player_063,game_1252,2023-10-15 00:14:43
player_063,game_1253,2023-10-04 13:40:14
player_063,game_1254,2023-10-19 18:07:44
player_063,game_1255,2023-10-25 11:30:00
player_063,game_1256,2023-10-22 20:42:03
player_063,game_1257,2023-10-27 16:37:47
player_063,game_1258,2023-10-14 13:53:53
player_063,game_1259,2023-10-30 15:55:00
player_063,game_1260,2023-10-06 18:25:29
player_063,game_1261,2023-10-07 05:54:13
player_063,game_1262,2023-10-05 16:38:31
player_063,game_1263,2023-10-20 02:55:51
player_063,game_1264,2023-10-19 02:48:27
player_063,game_1265,2023-10-17 11:03:46
player_063,game_1266,2023-10-28 01:55:16
player_063,game_1267,2023-10-18 17:57:44
player_063,game_1268,2023-10-08 00:05:01
player_063,game_1269,2023-10-10 15:55:09
player_063,game_1270,2023-10-30 05:55:12
player_064,game_1271,2023-10-25 17:10:14
player_064,game_1272,2023-10-20 11:38:59
player_064,game_1273,2023-10-25 06:37:58
player_064,game_1274,2023-10-02 22:54:01
player_064,game_1275,2023-10-03 04:46:56
player_064,game_1276,2023-10-02 21:20:17
player_064,game_1277,2023-10-07 15:39:32
player_064,game_1278,2023-10-17 04:01:13
player_064,game_1279,2023-10-23 23:57:06
player_064,game_1280,2023-10-26 05:03:59
player_064,game_1281,2023-10-23 04:25:48
player_064,game_1282,2023-10-08 05:31:42
player_064,game_1283,2023-10-30 10:20:40
player_064,game_1284,2023-10-26 00:36:27
player_064,game_1285,2023-10-07 18:51:23
player_064,game_1286,2023-10-16 22:06:28
player_064,game_1287,2023-10-30 18:16:34
player_064,game_1288,2023-10-16 11:06:51
player_064,game_1289,2023-10-08 21:19:42
player_064,game_1290,2023-10-20 01:49:30
player_064,game_1291,2023-10-30 22:16:30
player_064,game_1292,2023-10-15 12:37:59
player_064,game_1293,2023-10-29 19:44:21
player_064,game_1294,2023-10-17 07:54:12
player_065,game_1295,2023-10-25 15:03:53
player_065,game_1296,2023-10-25 17:51:35
player_065,game_1297,2023-10-26 20:13:15
player_065,game_1298,2023-10-24 18:42:45
player_065,game_1299,2023-10-28 07:51:15
player_065,game_1300,2023-10-15 13:16:52
player_065,game_1301,2023-10-24 01:17:23
player_065,game_1302,2023-10-01 19:23:00
player_065,game_1303,2023-10-18 21:10:04
player_065,game_1304,2023-10-17 01:55:19
player_065,game_1305,2023-10-06 07:41:54
player_065,game_1306,2023-10-21 05:18:16
player_065,game_1307,2023-10-29 08:03:44
player_065,game_1308,2023-10-15 22:28:14
player_065,game_1309,2023-10-02 07:02:46
player_065,game_1310,2023-10-29 23:27:00
player_065,game_1311,2023-10-24 00:56:15
player_065,game_1312,2023-10-13 21:21:55
player_065,game_1313,2023-10-29 01:58:17
player_065,game_1314,2023-10-29 00:59:34
player_065,game_1315,2023-10-12 01:06:25
player_066,game_1316,2023-10-03 11:49:59
player_066,game_1317,2023-10-29 07:51:14
player_066,game_1318,2023-10-24 07:45:48
player_066,game_1319,2023-10-09 06:39:39
player_066,game_1320,2023-10-26 10:46:29
player_066,game_1321,2023-10-19 10:57:13
player_066,game_1322,2023-10-08 04:10:16
player_066,game_1323,2023-10-12 18:10:46
player_066,game_1324,2023-10-02 12:46:56
player_066,game_1325,2023-10-28 19:05:33
player_066,game_1326,2023-10-06 08:02:15
player_066,game_1327,2023-10-10 06:16:47
player_066,game_1328,2023-10-01 22:03:49
player_066,game_1329,2023-10-22 09:50:49
player_066,game_1330,2023-10-16 05:28:41
player_066,game_1331,2023-10-21 07:54:51
player_066,game_1332,2023-10-08 08:25:48
player_066,game_1333,2023-10-21 01:08:00
player_066,game_1334,2023-10-10 21:33:03
player_066,game_1335,2023-10-20 22:07:27
player_066,game_1336,2023-10-25 08:39:43
player_066,game_1337,2023-10-30 16:25:24
player_066,game_1338,2023-10-23 21:27:36
player_066,game_1339,2023-10-04 00:33:46
player_067,game_1340,2023-10-07 16:52:39
player_067,game_1341,2023-10-26 04:18:35
player_067,game_1342,2023-10-11 01:34:14
player_067,game_1343,2023-10-28 05:28:49
player_067,game_1344,2023-10-16 18:42:36
player_067,game_1345,2023-10-24 05:20:33
player_067,game_1346,2023-10-26 12:13:30
player_067,game_1347,2023-10-19 07:01:57
player_067,game_1348,2023-10-16 05:32:53
player_067,game_1349,2023-10-09 09:46:19
player_067,game_1350,2023-10-23 07:32:48
player_067,game_1351,2023-10-26 21:08:16
player_067,game_1352,2023-10-17 14:50:23
player_067,game_1353,2023-10-27 12:27:15
player_067,game_1354,2023-10-18 04:46:27
player_067,game_1355,2023-10-13 20:00:15
player_067,game_1356,2023-10-30 14:47:26
player_067,game_1357,2023-10-24 12:06:38
player_067,game_1358,2023-10-10 08:00:14
player_067,game_1359,2023-10-12 23:12:56
player_067,game_1360,2023-10-14 13:03:57
player_067,game_1361,2023-10-28 02:13:05
player_067,game_1362,2023-10-15 11:46:36
player_067,game_1363,2023-10-11 21:59:20
player_067,game_1364,2023-10-15 10:44:45
player_067,game_1365,2023-10-15 00:42:51
player_067,game_1366,2023-10-11 01:29:46
player_067,game_1367,2023-10-24 17:43:47
player_067,game_1368,2023-10-16 09:22:45
player_067,game_1369,2023-10-24 07:00:41
player_067,game_1370,2023-10-17 22:23:06
player_068,game_1371,2023-10-28 05:00:55
player_068,game_1372,2023-10-14 06:36:04
player_068,game_1373,2023-10-14 23:17:56
player_068,game_1374,2023-10-06 21:59:37
player_068,game_1375,2023-10-28 20:08:56
player_068,game_1376,2023-10-27 08:51:47
player_068,game_1377,2023-10-19 10:22:32
player_068,game_1378,2023-10-20 03:39:49
player_068,game_1379,2023-10-17 18:06:39
player_068,game_1380,2023-10-08 02:39:25
player_068,game_1381,2023-10-15 02:24:06
player_069,game_1382,2023-10-03 01:00:39
player_069,game_1383,2023-10-14 23:06:49
player_069,game_1384,2023-10-04 20:04:33
player_069,game_1385,2023-10-17 19:32:33
player_069,game_1386,2023-10-22 11:24:19
player_069,game_1387,2023-10-13 10:46:43
player_069,game_1388,2023-10-24 06:10:04
player_069,game_1389,2023-10-11 09:18:45
player_069,game_1390,2023-10-10 19:25:34
player_069,game_1391,2023-10-27 03:29:19
player_069,game_1392,2023-10-14 03:53:33
player_069,game_1393,2023-10-28 06:47:54
player_069,game_1394,2023-10-14 04:27:43
player_069,game_1395,2023-10-07 15:56:04
player_069,game_1396,2023-10-06 07:15:29
player_069,game_1397,2023-10-30 21:18:56
player_069,game_1398,2023-10-29 11:42:25
player_070,game_1399,2023-10-12 14:47:01
player_070,game_1400,2023-10-12 18:29:02
player_070,game_1401,2023-10-03 11:08:45
player_070,game_1402,2023-10-26 18:42:29
player_070,game_1403,2023-10-11 22:55:35
player_070,game_1404,2023-10-12 07:16:27
player_070,game_1405,2023-10-03 13:09:23
player_070,game_1406,2023-10-05 20:44:20
player_070,game_1407,2023-10-21 01:31:51
player_070,game_1408,2023-10-17 00:49:11
player_070,game_1409,2023-10-23 22:23:25
player_070,game_1410,2023-10-05 21:08:35
player_070,game_1411,2023-10-07 16:09:38
player_070,game_1412,2023-10-01 06:02:12
player_070,game_1413,2023-10-27 17:12:25
player_070,game_1414,2023-10-08 16:00:52
player_070,game_1415,2023-10-20 18:04:53
player_070,game_1416,2023-10-24 02:13:48
player_070,game_1417,2023-10-24 04:16:04
player_070,game_1418,2023-10-10 16:22:58
player_070,game_1419,2023-10-14 22:39:53
player_070,game_1420,2023-10-16 14:11:14
player_070,game_1421,2023-10-14 20:31:58
player_070,game_1422,2023-10-03 20:55:45
player_070,game_1423,2023-10-05 08:13:45
player_070,game_1424,2023-10-28 20:54:49
player_070,game_1425,2023-10-12 06:33:22
player_071,game_1426,2023-10-26 23:29:51
player_071,game_1427,2023-10-02 19:27:20
player_071,game_1428,2023-10-09 11:57:54
player_071,game_1429,2023-10-21 06:52:16
player_071,game_1430,2023-10-09 12:48:31
player_071,game_1431,2023-10-02 18:20:20
player_071,game_1432,2023-10-20 06:31:55
player_071,game_1433,2023-10-25 01:09:50
player_071,game_1434,2023-10-10 01:04:07
player_071,game_1435,2023-10-15 01:15:12
player_071,game_1436,2023-10-02 19:39:04
player_071,game_1437,2023-10-01 10:47:49
player_071,game_1438,2023-10-15 11:39:07
player_071,game_1439,2023-10-28 13:43:24
player_071,game_1440,2023-10-30 06:17:35
player_071,game_1441,2023-10-06 05:00:51
player_071,game_1442,2023-10-17 06:21:08
player_072,game_1443,2023-10-14 19:32:18
player_072,game_1444,2023-10-23 01:21:18
player_072,game_1445,2023-10-27 08:59:27
player_072,game_1446,2023-10-26 10:52:31
player_072,game_1447,2023-10-24 23:26:58
player_072,game_1448,2023-10-07 12:21:15
player_072,game_1449,2023-10-25 11:27:01
player_072,game_1450,2023-10-23 17:17:01
player_072,game_1451,2023-10-14 05:52:41
player_072,game_1452,2023-10-10 08:38:29
player_072,game_1453,2023-10-06 11:14:34
player_072,game_1454,2023-10-17 01:16:29
player_072,game_1455,2023-10-08 21:19:10
player_072,game_1456,2023-10-23 06:40:26
player_072,game_1457,2023-10-13 11:44:07
player_072,game_1458,2023-10-10 00:56:15
player_072,game_1459,2023-10-01 16:24:33
player_072,game_1460,2023-10-17 08:45:50
player_072,game_1461,2023-10-15 07:43:41
player_073,game_1462,2023-10-28 13:30:47
player_073,game_1463,2023-10-10 09:02:57
player_073,game_1464,2023-10-09 12:27:59
player_073,game_1465,2023-10-30 15:48:48
player_073,game_1466,2023-10-20 16:25:49
player_073,game_1467,2023-10-21 18:18:37
player_073,game_1468,2023-10-26 00:20:43
player_073,game_1469,2023-10-16 22:03:44
player_073,game_1470,2023-10-05 05:03:24
player_073,game_1471,2023-10-20 11:00:16
player_073,game_1472,2023-10-05 15:07:54
player_074,game_1473,2023-10-09 23:17:08
player_074,game_1474,2023-10-07 19:49:28
player_074,game_1475,2023-10-24 04:16:27
player_074,game_1476,2023-10-16 17:01:23
player_074,game_1477,2023-10-13 00:59:44
player_074,game_1478,2023-10-01 07:57:27
player_074,game_1479,2023-10-13 15:50:12
player_075,game_1480,2023-10-19 14:53:47
player_075,game_1481,2023-10-12 10:24:07
player_075,game_1482,2023-10-22 16:29:04
player_075,game_1483,2023-10-13 23:04:15
player_075,game_1484,2023-10-17 00:02:28
player_075,game_1485,2023-10-15 15:47:32
player_075,game_1486,2023-10-29 06:36:57
player_075,game_1487,2023-10-28 19:27:01
player_075,game_1488,2023-10-01 13:19:24
player_075,game_1489,2023-10-13 16:43:53
player_075,game_1490,2023-10-18 10:54:30
player_075,game_1491,2023-10-12 11:18:44
player_075,game_1492,2023-10-04 00:22:48
player_075,game_1493,2023-10-06 17:44:30
player_075,game_1494,2023-10-23 14:13:28
player_075,game_1495,2023-10-15 21:27:19
player_075,game_1496,2023-10-08 18:05:00
player_075,game_1497,2023-10-20 16:20:40
player_075,game_1498,2023-10-25 09:28:43
player_075,game_1499,2023-10-16 02:18:56
player_075,game_1500,2023-10-06 16:47:57
player_075,game_1501,2023-10-15 07:44:37
player_075,game_1502,2023-10-18 20:13:10
player_075,game_1503,2023-10-30 20:05:25
player_075,game_1504,2023-10-11 17:18:28
player_075,game_1505,2023-10-11 15:18:11
player_075,game_1506,2023-10-07 11:37:08
player_076,game_1507,2023-10-24 05:07:20
player_076,game_1508,2023-10-08 10:28:26
player_076,game_1509,2023-10-23 02:05:18
player_076,game_1510,2023-10-30 09:44:13
player_076,game_1511,2023-10-19 03:18:16
player_076,game_1512,2023-10-21 04:29:42
player_076,game_1513,2023-10-27 15:54:16
player_076,game_1514,2023-10-23 20:33:16
player_076,game_1515,2023-10-27 02:15:12
player_076,game_1516,2023-10-11 14:28:04
player_076,game_1517,2023-10-13 00:19:05
player_076,game_1518,2023-10-29 22:10:26
player_076,game_1519,2023-10-04 23:23:08
player_076,game_1520,2023-10-26 12:15:34
player_076,game_1521,2023-10-22 16:29:56
player_076,game_1522,2023-10-26 15:21:58
player_076,game_1523,2023-10-18 13:30:35
player_076,game_1524,2023-10-04 18:59:46
player_076,game_1525,2023-10-28 09:18:15
player_076,game_1526,2023-10-06 10:43:57
player_077,game_1527,2023-10-03 23:57:12
player_077,game_1528,2023-10-27 14:03:27
player_077,game_1529,2023-10-25 12:56:06
player_077,game_1530,2023-10-10 19:31:46
player_077,game_1531,2023-10-28 19:14:44
player_077,game_1532,2023-10-27 01:15:15
player_077,game_1533,2023-10-08 06:35:26
player_077,game_1534,2023-10-08 23:41:58
player_077,game_1535,2023-10-16 22:17:05
player_077,game_1536,2023-10-26 06:14:30
player_077,game_1537,2023-10-22 10:46:53
player_077,game_1538,2023-10-06 15:25:45
player_077,game_1539,2023-10-10 23:18:36
player_077,game_1540,2023-10-29 07:24:58
player_077,game_1541,2023-10-24 17:31:33
player_077,game_1542,2023-10-05 09:57:16
player_077,game_1543,2023-10-25 18:37:49
player_077,game_1544,2023-10-22 15:01:29
player_078,game_1545,2023-10-03 16:49:13
player_078,game_1546,2023-10-23 00:17:12
player_078,game_1547,2023-10-07 09:43:34
player_078,game_1548,2023-10-25 21:58:37
player_078,game_1549,2023-10-21 04:00:16
player_078,game_1550,2023-10-23 04:12:31
player_078,game_1551,2023-10-28 09:00:14
player_078,game_1552,2023-10-03 19:16:05
player_078,game_1553,2023-10-28 03:02:45
player_078,game_1554,2023-10-23 10:42:35
player_078,game_1555,2023-10-15 23:02:36
player_078,game_1556,2023-10-02 01:21:51
player_078,game_1557,2023-10-20 05:18:49
player_078,game_1558,2023-10-13 08:27:50
player_078,game_1559,2023-10-01 03:30:47
player_078,game_1560,2023-10-11 13:52:24
player_078,game_1561,2023-10-29 01:46:53
player_078,game_1562,2023-10-04 13:05:08
player_078,game_1563,2023-10-03 04:45:59
player_078,game_1564,2023-10-21 13:38:35
player_078,game_1565,2023-10-17 17:24:18
player_078,game_1566,2023-10-04 02:17:08
player_078,game_1567,2023-10-27 06:30:04
player_078,game_1568,2023-10-03 22:12:10
player_078,game_1569,2023-10-04 08:24:47
player_078,game_1570,2023-10-23 22:00:10
player_078,game_1571,2023-10-02 12:58:25
player_078,game_1572,2023-10-14 22:29:05
player_078,game_1573,2023-10-20 20:21:52
player_079,game_1574,2023-10-09 17:41:36
player_079,game_1575,2023-10-07 13:47:09
player_079,game_1576,2023-10-21 09:45:25
player_079,game_1577,2023-10-19 04:16:42
player_079,game_1578,2023-10-19 13:37:15
player_079,game_1579,2023-10-22 18:35:01
player_079,game_1580,2023-10-19 07:48:54
player_079,game_1581,2023-10-19 05:39:31
player_079,game_1582,2023-10-04 21:29:52
player_079,game_1583,2023-10-27 04:19:49
player_079,game_1584,2023-10-07 10:56:39
player_079,game_1585,2023-10-17 21:10:52
player_079,game_1586,2023-10-06 18:13:03
player_079,game_1587,2023-10-09 15:56:12
player_079,game_1588,2023-10-27 01:57:05
player_079,game_1589,2023-10-20 01:56:47
player_079,game_1590,2023-10-26 16:08:46
player_079,game_1591,2023-10-07 04:22:12
player_079,game_1592,2023-10-11 19:27:10
player_080,game_1593,2023-10-01 04:02:48
player_080,game_1594,2023-10-02 02:29:18
player_080,game_1595,2023-10-15 11:37:05
player_080,game_1596,2023-10-23 11:26:19
player_080,game_1597,2023-10-27 10:19:29
player_080,game_1598,2023-10-21 14:08:41
player_080,game_1599,2023-10-26 19:44:51
player_080,game_1600,2023-10-19 09:53:20
player_080,game_1601,2023-10-12 03:34:40
player_080,game_1602,2023-10-13 00:22:20
player_080,game_1603,2023-10-23 08:40:02
player_080,game_1604,2023-10-17 19:18:19
player_080,game_1605,2023-10-08 12:43:46
player_080,game_1606,2023-10-14 09:09:18
player_080,game_1607,2023-10-10 03:35:44
player_080,game_1608,2023-10-06 11:28:24
player_081,game_1609,2023-10-02 13:32:09
player_081,game_1610,2023-10-21 08:27:02
player_081,game_1611,2023-10-30 20:26:14
player_081,game_1612,2023-10-01 18:13:43
player_081,game_1613,2023-10-12 16:23:47
player_081,game_1614,2023-10-11 00:06:08
player_081,game_1615,2023-10-04 06:23:58
player_081,game_1616,2023-10-05 21:33:11
player_081,game_1617,2023-10-29 19:59:42
player_081,game_1618,2023-10-02 15:07:09
player_081,game_1619,2023-10-22 16:08:29
player_081,game_1620,2023-10-30 00:28:11
player_081,game_1621,2023-10-03 08:42:43
player_081,game_1622,2023-10-12 21:08:09
player_081,game_1623,2023-10-03 03:32:22
player_082,game_1624,2023-10-20 12:40:23
player_082,game_1625,2023-10-22 07:25:43
player_082,game_1626,2023-10-12 09:01:30
player_082,game_1627,2023-10-27 04:51:56
player_082,game_1628,2023-10-11 13:08:13
player_082,game_1629,2023-10-03 17:45:43
player_082,game_1630,2023-10-07 19:16:11
player_082,game_1631,2023-10-25 11:04:52
player_082,game_1632,2023-10-15 01:00:58
player_082,game_1633,2023-10-12 08:49:04
player_082,game_1634,2023-10-28 23:13:01
player_082,game_1635,2023-10-16 11:32:59
player_082,game_1636,2023-10-29 00:48:24
player_082,game_1637,2023-10-30 00:37:28
player_082,game_1638,2023-10-16 13:36:06
player_082,game_1639,2023-10-12 12:00:47
player_082,game_1640,2023-10-15 15:34:51
player_082,game_1641,2023-10-07 22:54:37
player_082,game_1642,2023-10-26 07:18:05
player_082,game_1643,2023-10-11 17:32:00
player_082,game_1644,2023-10-21 01:49:57
player_083,game_1645,2023-10-15 14:06:32
player_083,game_1646,2023-10-14 08:34:39
player_083,game_1647,2023-10-03 23:01:14
player_083,game_1648,2023-10-28 00:37:25
player_083,game_1649,2023-10-29 17:20:31
player_083,game_1650,2023-10-09 12:02:41
player_083,game_1651,2023-10-21 17:43:29
player_083,game_1652,2023-10-27 23:36:46
player_083,game_1653,2023-10-25 01:26:24
player_083,game_1654,2023-10-03 06:37:26
player_083,game_1655,2023-10-17 17:16:20
player_083,game_1656,2023-10-19 12:04:38
player_083,game_1657,2023-10-26 11:02:37
player_083,game_1658,2023-10-16 11:21:09
player_084,game_1659,2023-10-21 05:03:12
player_084,game_1660,2023-10-20 19:39:23
player_084,game_1661,2023-10-08 05:51:04
player_084,game_1662,2023-10-15 13:23:43
player_084,game_1663,2023-10-19 06:36:28
player_084,game_1664,2023-10-09 22:14:04
player_084,game_1665,2023-10-27 02:43:54
player_084,game_1666,2023-10-23 23:41:21
player_084,game_1667,2023-10-12 16:44:53
player_084,game_1668,2023-10-11 22:32:43
player_084,game_1669,2023-10-15 14:22:59
player_084,game_1670,2023-10-08 00:10:55
player_084,game_1671,2023-10-23 11:27:48
player_084,game_1672,2023-10-03 19:08:12
player_084,game_1673,2023-10-28 07:13:37
player_084,game_1674,2023-10-21 00:48:14
player_085,game_1675,2023-10-21 05:16:00
player_085,game_1676,2023-10-28 01:17:10
player_085,game_1677,2023-10-26 17:29:06
player_085,game_1678,2023-10-07 12:13:45
player_085,game_1679,2023-10-19 20:32:27
player_085,game_1680,2023-10-12 18:57:02
player_085,game_1681,2023-10-13 09:05:29
player_085,game_1682,2023-10-10 20:54:16
player_085,game_1683,2023-10-17 00:47:03
player_085,game_1684,2023-10-04 20:07:25
player_085,game_1685,2023-10-22 20:02:22
player_085,game_1686,2023-10-19 00:20:11
player_085,game_1687,2023-10-05 11:43:42
player_085,game_1688,2023-10-27 00:03:38
player_085,game_1689,2023-10-10 05:55:37
player_085,game_1690,2023-10-03 12:02:40
player_085,game_1691,2023-10-14 00:46:49
player_085,game_1692,2023-10-19 07:25:57
player_085,game_1693,2023-10-30 08:50:25
player_085,game_1694,2023-10-30 06:27:18
player_085,game_1695,2023-10-02 22:04:34
player_085,game_1696,2023-10-04 12:47:59
player_085,game_1697,2023-10-10 03:13:34
player_085,game_1698,2023-10-29 12:35:04
player_085,game_1699,2023-10-28 03:06:28
player_086,game_1700,2023-10-11 12:50:33
player_086,game_1701,2023-10-24 06:32:05
player_086,game_1702,2023-10-11 03:22:24
player_086,game_1703,2023-10-17 03:55:53
player_086,game_1704,2023-10-15 17:14:22
player_086,game_1705,2023-10-01 17:51:54
player_086,game_1706,2023-10-11 06:46:26
player_086,game_1707,2023-10-10 05:23:37
player_086,game_1708,2023-10-06 16:40:59
player_086,game_1709,2023-10-24 05:58:59
player_086,game_1710,2023-10-12 18:38:29
player_086,game_1711,2023-10-30 08:10:43
player_086,game_1712,2023-10-10 22:16:30
player_086,game_1713,2023-10-20 06:06:35
player_086,game_1714,2023-10-12 14:50:26
player_086,game_1715,2023-10-27 19:13:08
player_086,game_1716,2023-10-16 14:42:31
player_086,game_1717,2023-10-14 17:47:16
player_086,game_1718,2023-10-19 11:30:11
player_086,game_1719,2023-10-23 15:13:16
player_087,game_1720,2023-10-26 21:44:50
player_087,game_1721,2023-10-18 10:34:03
player_087,game_1722,2023-10-15 23:20:16
player_087,game_1723,2023-10-13 16:44:28
player_087,game_1724,2023-10-18 11:00:58
player_087,game_1725,2023-10-25 21:28:28
player_087,game_1726,2023-10-25 03:22:12
player_087,game_1727,2023-10-23 14:56:02
player_087,game_1728,2023-10-05 18:53:12
player_087,game_1729,2023-10-23 18:59:45
player_087,game_1730,2023-10-16 13:05:55
player_087,game_1731,2023-10-10 20:39:38
player_088,game_1732,2023-10-18 23:54:09
player_088,game_1733,2023-10-16 04:34:50
player_088,game_1734,2023-10-21 02:15:48
player_088,game_1735,2023-10-03 05:15:44
player_088,game_1736,2023-10-28 07:23:19
player_088,game_1737,2023-10-11 17:48:10
player_088,game_1738,2023-10-08 02:00:44
player_088,game_1739,2023-10-01 18:53:51
player_088,game_1740,2023-10-13 15:49:25
player_088,game_1741,2023-10-27 20:39:16
player_088,game_1742,2023-10-29 08:26:47
player_088,game_1743,2023-10-29 02:45:01
player_088,game_1744,2023-10-21 06:30:49
player_088,game_1745,2023-10-15 07:55:26
player_088,game_1746,2023-10-08 09:34:19
player_088,game_1747,2023-10-10 12:34:47
player_088,game_1748,2023-10-17 00:19:15
player_088,game_1749,2023-10-12 03:59:28
player_088,game_1750,2023-10-19 10:32:43
player_088,game_1751,2023-10-28 15:51:10
player_088,game_1752,2023-10-12 22:17:46
player_089,game_1753,2023-10-25 05:43:42
player_089,game_1754,2023-10-27 17:32:42
player_089,game_1755,2023-10-17 09:17:27
player_089,game_1756,2023-10-13 11:48:26
player_089,game_1757,2023-10-24 17:17:05
player_089,game_1758,2023-10-24 19:35:07
player_089,game_1759,2023-10-23 08:54:16
player_089,game_1760,2023-10-09 04:00:23
player_089,game_1761,2023-10-18 02:18:53
player_089,game_1762,2023-10-09 05:12:31
player_089,game_1763,2023-10-07 19:03:48
player_089,game_1764,2023-10-27 12:46:21
player_089,game_1765,2023-10-24 16:55:47
player_089,game_1766,2023-10-09 22:25:52
player_089,game_1767,2023-10-27 07:38:06
player_089,game_1768,2023-10-03 20:25:40
player_089,game_1769,2023-10-26 10:26:22
player_089,game_1770,2023-10-02 15:24:27
player_089,game_1771,2023-10-04 14:36:04
player_090,game_1772,2023-10-03 08:31:24
player_090,game_1773,2023-10-01 07:26:15
player_090,game_1774,2023-10-21 00:28:18
player_090,game_1775,2023-10-07 16:11:21
player_090,game_1776,2023-10-12 05:38:22
player_090,game_1777,2023-10-04 07:11:18
player_090,game_1778,2023-10-08 07:57:44
player_090,game_1779,2023-10-01 10:39:02
player_090,game_1780,2023-10-11 14:49:36
player_090,game_1781,2023-10-25 13:13:17
player_090,game_1782,2023-10-23 03:17:23
player_090,game_1783,2023-10-19 02:48:37
player_090,game_1784,2023-10-03 22:25:46
player_090,game_1785,2023-10-30 23:49:48
player_090,game_1786,2023-10-30 22:17:49
player_090,game_1787,2023-10-24 10:58:25
player_090,game_1788,2023-10-24 16:23:29
player_090,game_1789,2023-10-01 18:19:43
player_090,game_1790,2023-10-01 07:42:14
player_090,game_1791,2023-10-26 20:04:20
player_090,game_1792,2023-10-27 18:42:40
player_090,game_1793,2023-10-20 23:14:38
player_090,game_1794,2023-10-01 13:48:26
player_090,game_1795,2023-10-01 19:29:14
player_090,game_1796,2023-10-26 16:48:58
player_091,game_1797,2023-10-14 08:05:46
player_091,game_1798,2023-10-27 00:10:48
player_091,game_1799,2023-10-14 22:00:58
player_091,game_1800,2023-10-01 19:58:21
player_091,game_1801,2023-10-25 09:07:26
player_091,game_1802,2023-10-21 21:39:14
player_091,game_1803,2023-10-09 16:51:39
player_091,game_1804,2023-10-06 04:40:59
player_091,game_1805,2023-10-05 16:12:49
player_091,game_1806,2023-10-26 10:57:11
player_091,game_1807,2023-10-08 05:28:41
player_091,game_1808,2023-10-12 16:44:56
player_091,game_1809,2023-10-10 07:37:01
player_091,game_1810,2023-10-26 13:21:56
player_091,game_1811,2023-10-13 06:05:18
player_091,game_1812,2023-10-18 04:57:13
player_091,game_1813,2023-10-13 23:27:21
player_091,game_1814,2023-10-20 06:25:04
player_091,game_1815,2023-10-04 20:03:50
player_092,game_1816,2023-10-19 02:38:11
player_092,game_1817,2023-10-20 17:03:22
player_092,game_1818,2023-10-23 06:46:16
player_092,game_1819,2023-10-28 10:16:30
player_092,game_1820,2023-10-12 19:21:27
player_092,game_1821,2023-10-11 23:08:33
player_092,game_1822,2023-10-15 13:29:44
player_092,game_1823,2023-10-04 21:55:31
player_092,game_1824,2023-10-02 12:54:54
player_092,game_1825,2023-10-05 12:56:09
player_092,game_1826,2023-10-20 16:11:00
player_092,game_1827,2023-10-19 09:52:28
player_092,game_1828,2023-10-19 07:26:03
player_092,game_1829,2023-10-27 19:56:37
player_092,game_1830,2023-10-24 02:35:10
player_092,game_1831,2023-10-03 17:22:43
player_092,game_1832,2023-10-01 11:00:36
player_092,game_1833,2023-10-09 07:40:34
player_092,game_1834,2023-10-05 00:20:10
player_092,game_1835,2023-10-25 06:22:38
player_092,game_1836,2023-10-22 01:32:28
player_092,game_1837,2023-10-17 01:57:29
player_093,game_1838,2023-10-28 11:16:14
player_093,game_1839,2023-10-05 15:06:16
player_093,game_1840,2023-10-26 15:21:00
player_093,game_1841,2023-10-03 01:34:35
player_093,game_1842,2023-10-12 03:41:50
player_093,game_1843,2023-10-11 06:19:07
player_093,game_1844,2023-10-28 12:21:05
player_093,game_1845,2023-10-24 01:59:52
player_093,game_1846,2023-10-14 03:50:55
player_093,game_1847,2023-10-03 06:14:55
player_093,game_1848,2023-10-04 14:37:18
player_094,game_1849,2023-10-14 14:39:29
player_094,game_1850,2023-10-27 08:40:35
player_094,game_1851,2023-10-28 08:32:11
player_094,game_1852,2023-10-02 14:20:00
player_094,game_1853,2023-10-09 16:57:47
player_094,game_1854,2023-10-16 06:24:04
player_094,game_1855,2023-10-01 18:14:34
player_094,game_1856,2023-10-11 01:21:24
player_094,game_1857,2023-10-29 11:56:47
player_094,game_1858,2023-10-07 23:59:43
player_094,game_1859,2023-10-20 08:02:54
player_094,game_1860,2023-10-04 17:38:19
player_094,game_1861,2023-10-15 12:40:58
player_094,game_1862,2023-10-08 21:16:05
player_094,game_1863,2023-10-28 09:03:32
player_094,game_1864,2023-10-12 16:10:13
player_094,game_1865,2023-10-28 12:14:54
player_094,game_1866,2023-10-19 21:24:01
player_094,game_1867,2023-10-27 05:48:03
player_094,game_1868,2023-10-17 02:29:35
player_094,game_1869,2023-10-19 15:12:47
player_094,game_1870,2023-10-07 19:03:15
player_094,game_1871,2023-10-04 19:22:29
player_094,game_1872,2023-10-25 07:27:57
player_095,game_1873,2023-10-17 18:57:19
player_095,game_1874,2023-10-03 14:33:39
player_095,game_1875,2023-10-05 17:48:43
player_095,game_1876,2023-10-22 05:14:41
player_095,game_1877,2023-10-12 06:28:02
player_095,game_1878,2023-10-04 16:34:03
player_095,game_1879,2023-10-17 12:49:09
player_095,game_1880,2023-10-30 09:04:21
player_095,game_1881,2023-10-30 19:12:17
player_095,game_1882,2023-10-29 21:56:03
player_095,game_1883,2023-10-20 06:11:33
player_095,game_1884,2023-10-16 20:15:22
player_095,game_1885,2023-10-02 10:30:59
player_095,game_1886,2023-10-14 06:26:56
player_095,game_1887,2023-10-22 20:55:44
player_095,game_1888,2023-10-24 19:35:40
player_096,game_1889,2023-10-12 01:48:01
player_096,game_1890,2023-10-18 06:33:00
player_096,game_1891,2023-10-27 20:20:08
player_096,game_1892,2023-10-19 05:24:14
player_096,game_1893,2023-10-21 23:08:21
player_096,game_1894,2023-10-10 00:24:00
player_096,game_1895,2023-10-29 10:35:38
player_096,game_1896,2023-10-19 10:49:00
player_096,game_1897,2023-10-05 03:50:27
player_096,game_1898,2023-10-15 08:08:31
player_096,game_1899,2023-10-12 23:08:05
player_096,game_1900,2023-10-04 13:38:29
player_096,game_1901,2023-10-04 23:34:52
player_096,game_1902,2023-10-14 00:12:36
player_096,game_1903,2023-10-08 11:40:49
player_097,game_1904,2023-10-19 10:43:55
player_097,game_1905,2023-10-08 11:44:44
player_097,game_1906,2023-10-19 21:56:33
player_097,game_1907,2023-10-16 08:57:24
player_097,game_1908,2023-10-18 12:14:46
player_097,game_1909,2023-10-06 04:08:26
player_097,game_1910,2023-10-05 10:37:44
player_097,game_1911,2023-10-01 06:03:10
player_097,game_1912,2023-10-15 23:09:27
player_097,game_1913,2023-10-22 14:09:17
player_097,game_1914,2023-10-18 11:20:03
player_097,game_1915,2023-10-14 02:18:02
player_097,game_1916,2023-10-05 23:06:29
player_097,game_1917,2023-10-07 10:22:54
player_097,game_1918,2023-10-05 05:42:31
player_097,game_1919,2023-10-10 02:19:38
player_097,game_1920,2023-10-21 22:07:39
player_097,game_1921,2023-10-22 18:56:26
player_097,game_1922,2023-10-28 00:56:04
player_097,game_1923,2023-10-27 22:19:08
player_097,game_1924,2023-10-25 21:02:12
player_097,game_1925,2023-10-20 19:24:21
player_097,game_1926,2023-10-06 00:20:41
player_097,game_1927,2023-10-02 06:35:50
player_098,game_1928,2023-10-05 08:24:48
player_098,game_1929,2023-10-18 04:20:24
player_098,game_1930,2023-10-27 21:42:46
player_098,game_1931,2023-10-05 12:25:39
player_098,game_1932,2023-10-29 23:28:03
player_098,game_1933,2023-10-30 00:46:17
player_098,game_1934,2023-10-16 17:59:19
player_098,game_1935,2023-10-19 16:50:04
player_098,game_1936,2023-10-01 14:22:40
player_098,game_1937,2023-10-15 04:01:36
player_098,game_1938,2023-10-21 02:07:25
player_098,game_1939,2023-10-19 19:49:09
player_098,game_1940,2023-10-05 02:40:55
player_098,game_1941,2023-10-28 03:54:26
player_098,game_1942,2023-10-12 18:48:55
player_098,game_1943,2023-10-28 18:22:55
player_099,game_1944,2023-10-26 07:07:50
player_099,game_1945,2023-10-09 05:34:42
player_099,game_1946,2023-10-19 11:35:05
player_099,game_1947,2023-10-09 05:29:01
player_099,game_1948,2023-10-07 17:45:37
player_099,game_1949,2023-10-14 01:18:47
player_099,game_1950,2023-10-15 14:50:36
player_099,game_1951,2023-10-14 00:42:59
player_099,game_1952,2023-10-24 22:31:51
player_099,game_1953,2023-10-08 02:01:35
player_099,game_1954,2023-10-04 01:42:41
player_099,game_1955,2023-10-09 02:48:38
player_099,game_1956,2023-10-22 02:26:04
player_099,game_1957,2023-10-14 09:31:07
player_099,game_1958,2023-10-21 10:37:11
player_099,game_1959,2023-10-15 13:14:12
player_100,game_1960,2023-10-24 12:10:13
player_100,game_1961,2023-10-04 17:37:11
player_100,game_1962,2023-10-18 12:44:27
player_100,game_1963,2023-10-13 05:15:05
player_100,game_1964,2023-10-12 23:17:53
player_100,game_1965,2023-10-25 01:39:06
player_100,game_1966,2023-10-29 19:50:04
player_100,game_1967,2023-10-30 22:28:16
player_100,game_1968,2023-10-10 11:49:48
player_100,game_1969,2023-10-23 05:26:50
player_100,game_1970,2023-10-06 04:37:54
player_100,game_1971,2023-10-07 13:51:24
player_100,game_1972,2023-10-15 18:57:08
player_100,game_1973,2023-10-01 07:53:04
player_100,game_1974,2023-10-20 05:00:52
player_100,game_1975,2023-10-17 03:03:39
player_100,game_1976,2023-10-19 10:36:13
player_100,game_1977,2023-10-16 23:56:38
player_100,game_1978,2023-10-22 08:53:48
